R_ID,Title,Type,ReviewsCount,Score,Location_ID
1,阿銘牛肉麵,1,1429,4.1,9001
2,阿醜早餐店,2,12,4.5,9002
3,老鄭牛肉麵,3,1704,4.0,9003
4,明治屋餐廳,4,214,4.0,9004
5,民安早餐店,2,10,4.1,9005
6,東牧景觀餐廳,5,15,4.0,9006
7,東方美早餐店,6,24,4.5,9007
8,盈賓休閒餐廳,7,297,4.6,9008
9,佳里文化早餐店,2,46,4.4,9009
10,阿霞飯店 台南店,7,3165,4.1,9010
11,英倫港式餐廳,8,2758,4.6,9011
12,鄰家牛肉麵,9,17,3.6,9012
13,早安早餐店,2,32,4.0,9013
14,阿慧早餐店,2,6,4.7,9014
15,ㄚ麗早餐店,2,2,4.0,9015
16,老鄧牛肉麵,3,90,4.0,9016
17,川味牛肉麵,9,198,4.1,9017
18,穀倉餐廳,6,2465,4.5,9018
19,尚品早餐店,2,2,5.0,9019
20,Saüté Restaurant 索緹餐酒,6,658,4.4,9020
21,東方美早餐店,6,12,4.8,9021
22,楊家牛肉麵,3,89,4.2,9022
23,福阪亭 日式茶屋,10,24,4.6,9023
24,上茄苳炸雞翅,11,4,5.0,9024
25,葉家牛肉麵,6,83,4.0,9025
26,無名早餐店,2,19,4.5,9026
27,國士無雙牛肉麵,3,250,4.6,9027
28,明奎早餐店,2,5,4.6,9028
29,美而美早餐店,2,4,5.0,9029
30,新寮傳統早餐店,2,11,4.0,9030
31,鴨片陳牛肉麵,9,44,4.3,9031
32,滿香園牛肉麵,3,308,3.9,9032
33,無名早餐店,2,1,5.0,9033
34,漁廬餐廳,6,18,4.2,9034
35,麥當勞-佳里延平店,12,1604,4.0,9035
36,中華一番,9,125,3.7,9036
37,富林早餐店,2,34,4.1,9037
38,無名早餐店,2,1,5.0,9038
39,瑪哈印度餐廳Maharaja indian Restaurant,13,751,4.3,9039
40,川本家居酒屋,14,137,4.7,9040
41,朋友居酒屋,15,772,4.3,9041
42,岬角居酒屋,6,293,4.4,9042
43,娜君早餐店,2,8,5.0,9043
44,十二小食,7,48,4.6,9044
45,阿娟牛肉麵,1,85,4.1,9045
46,東茂餐廳,6,61,4.0,9046
47,新和源餅舖,16,8,4.0,9047
48,呷卵,17,18,3.8,9048
49,後廍土礱間,18,12,4.4,9049
50,詔安麵飯店,6,6,4.3,9050
51,老夫子牛肉麵,1,66,4.2,9051
52,老拓音樂餐廳,19,1564,4.5,9052
53,富林漢堡早餐店,6,16,4.4,9053
54,詳の關東煮,11,3,5.0,9054
55,芳子家早餐店,2,3,5.0,9055
56,樹子脚餐廳,9,1,4.0,9056
57,麗珠小吃店,9,3,3.7,9057
58,阿芬活海產餐廳(創立二十年老字號）,20,994,3.8,9058
59,燈塔正阿芬活海鮮,20,253,4.3,9059
60,嘰哩咕嚕 燒肉飯．鍋燒意麵,9,6,3.8,9060
61,國聖橋土豆豬腳,7,354,3.9,9061
62,土城林家肉粿,2,5,4.0,9062
63,鍋寶臭臭鍋土城店,21,17,4.5,9063
64,國姓橋下肉燥飯,7,261,4.0,9064
65,國姓土豆豬腳,6,47,4.2,9065
66,富林漢堡（土城仔店）,2,1,5.0,9066
67,【崇義素食】手工現做早餐,22,22,4.9,9067
68,早安美芝城台南土城,2,76,4.0,9068
69,青葉活海產飲食店,6,186,4.0,9069
70,讚伯手工包子饅頭油飯,2,60,4.0,9070
71,阿玲早點,2,37,4.5,9071
72,菁寮早餐店,2,26,4.8,9072
73,十份足蚵仔煎,20,10,4.8,9073
74,小杜的店,20,208,4.1,9074
75,台南土城螃蟹專賣店（耐人蟳味）,6,147,4.8,9075
76,大立的店,9,1,5.0,9076
77,阿紅海産,20,169,4.2,9077
78,養生梵音蔬食,23,34,4.4,9078
79,土城海產店,20,2320,4.3,9079
80,呷好味現宰溫體牛肉湯,7,105,4.4,9080
81,六花亭,6,1,4.0,9081
82,569餐飲屋,24,98,4.1,9082
83,溪埔仔早餐店,2,9,4.6,9083
84,草本梁氏臭豆腐（土城正統鹿耳門聖母廟前）,9,5,5.0,9084
85,61線活海產,20,849,4.4,9085
86,阿樂活海產,20,757,3.9,9086
87,三股海鮮 四季海產,20,394,4.3,9087
88,榕樹下肉粽、碗粿、味增湯,2,69,4.1,9088
89,黃金先生-脆皮炸雞,5,2,5.0,9089
90,七股橋頭活海產,20,29,4.0,9090
91,上海香酥雞,5,5,3.8,9091
92,東東養生素食之家,25,14,4.6,9092
93,土城意麵,6,177,4.2,9093
94,國姓橋黑輪米血,26,113,4.1,9094
95,佳香美食館,24,184,4.4,9095
96,無名早餐店,2,6,5.0,9096
97,膳廚工坊,6,80,4.5,9097
98,炸海鮮一條街,6,119,4.0,9098
99,川手工肉包,6,31,4.6,9099
100,靜香緣素食,25,7,4.9,90100
101,大鼎藥膳排骨,6,50,4.4,90101
102,台南土城蚵嗲,6,5,4.2,90102
103,新味香小吃店,6,38,4.1,90103
104,168炸雞專賣店,12,3,5.0,90104
105,芋圓又紫,6,70,4.3,90105
106,黑琵食堂餐廳,20,1160,4.5,90106
107,天嬌越南河粉,27,4,4.8,90107
108,龜鹿仙圓融園,28,6,4.8,90108
109,無名牛肉湯越南河粉,6,75,4.5,90109
110,凰詩越南美食,27,17,5.0,90110
111,台南土城 米粉媽嫩骨鍋燒意麵,9,124,4.5,90111
112,阿月虱目魚粥,20,273,4.0,90112
113,小叮噹快餐店（早午餐）,6,17,4.2,90113
114,吳家肉圓,6,8,4.4,90114
115,徐公子牛肉湯,6,146,4.2,90115
116,中式早點,6,5,4.8,90116
117,明聖外燴,9,2,5.0,90117
118,梅鳳飲食店,9,23,4.3,90118
119,玉豐早餐店,6,41,4.7,90119
120,尚廚美食早點,6,1,5.0,90120
121,水瀨閣水上木屋景觀海鮮,9,1044,4.1,90121
122,森村活海產,20,3,5.0,90122
123,鵬虱目魚湯,6,26,4.5,90123
124,伙湠廚房(全預約制服務)台南無菜單 台南客製化餐盒,6,64,4.9,1000124
125,品多牛排小火鍋,6,67,4.4,1000125
126,金龍外燴,6,9,4.2,1000126
127,虱目魚湘,20,117,4.2,1000127
128,蛋ㄟ關東煮,26,1,4.0,1000128
129,傻師傅湯包,9,1,4.0,1000129
130,橋下豬血湯,6,57,4.1,1000130
131,田野小廚坊果汁攤,6,5,4.4,1000131
132,阿力香雞排（土城店）,29,20,4.3,1000132
133,詔安早餐店,2,1,5.0,1000133
134,一番壽司,30,2,4.0,1000134
135,羊肉火鍋,6,1,5.0,1000135
136,早安三股,23,38,4.9,1000136
137,好好吃香雞排,5,45,4.8,1000137
138,家鄉傳統美食,6,4,4.8,1000138
139,東香臺菜海味料理,7,517,4.4,1000139
140,土城亨鵝肉,6,2,5.0,1000140
141,真好味,31,2,5.0,1000141
142,小當家麵食館,9,2,5.0,1000142
143,賴明煌廚師,6,8,5.0,1000143
144,阿郎食堂,6,31,4.4,1000144
145,阿森海鮮粥,32,12,5.0,1000145
146,阿枝牛肉麵,9,1,5.0,1000146
147,無名牛肉麵,3,50,4.4,1000147
148,早餐店(餐車),2,10,4.4,1000148
149,好滋味早餐店,2,5,4.8,1000149
150,正川味牛肉麵,6,86,4.5,1000150
151,錢源日式涮涮鍋,33,127,4.2,1000151
152,格林餐廳,6,150,4.2,1000152
153,美又美早餐店,2,53,4.5,1000153
154,學甲珍好佳,34,4,5.0,1000154
155,福隆餐廳(北門),9,705,3.8,1000155
156,娃娃手工煎餃 (招牌原味豬肉 鮮蝦口味 牛肉口味 特調醬料),11,4,5.0,1000156
157,富林早餐店,2,6,4.5,1000157
158,子龍早餐店,6,10,4.9,1000158
159,麥當勞-台南麻豆中山店,12,1655,4.1,1000159
160,亮哥生態風味體驗養殖場 (全國十大神農獎),6,131,4.5,1000160
161,黃媽媽牛肉麵,1,68,4.5,1000161
162,漚汪大腸包小腸,11,1,5.0,1000162
163,阿玉麵攤,9,2,5.0,1000163
164,快樂早餐店,2,10,4.3,1000164
165,麻豆驢子廚房,6,570,4.3,1000165
166,好口味韓式泡菜鍋（學甲店）,21,56,4.0,1000166
167,學甲 杏仁茶早餐店,2,5,4.6,1000167
168,喜陽便當社,7,2,4.0,1000168
169,速必得鹹酥雞,5,5,4.6,1000169
170,三多一吉早餐店,2,66,3.8,1000170
171,早餐店,2,32,4.5,1000171
172,悟饕池上飯包 - 台南學甲店,6,9,4.6,1000172
173,傻師傅湯包（學甲店）,35,15,4.5,1000173
174,美之晨早餐,2,9,4.9,1000174
175,大呼過癮-學甲店,21,9,4.3,1000175
176,東益烤鮮蚵海鮮快炒,20,233,4.8,1000176
177,翁國代家土龍養生館,6,7,4.3,1000177
178,鮮道口福牛肉麵,3,332,4.1,1000178
179,百福廣東烤鴨,36,124,4.2,1000179
180,信輝早餐店,2,7,3.7,1000180
181,百年老店 大腸粥,37,398,3.7,1000181
182,白玉肉圓學甲店 (白玉肉圓 鍋燒系列 四神湯 虱目魚丸 貢丸),6,146,4.9,1000182
183,東方美早餐店,2,42,4.0,1000183
184,李重義素食,25,22,4.1,1000184
185,潤德素食,25,69,4.0,1000185
186,水龜伯豆花冰老店(紅豆豆花 花生豆花 紅豆薏仁 冬季限定-薑汁豆花),16,194,4.5,1000186
187,廣東鮮肉湯包,2,14,4.0,1000187
188,展哥虱目魚粥（永通二店）,38,835,4.1,1000188
189,早安美芝城,2,26,4.0,1000189
190,在地人才知虱目魚粥,38,162,4.3,1000190
191,蕃茄村樂活早午餐-學甲建國店,23,52,4.5,1000191
192,信宏溫體牛肉湯 (炒牛肉 滷三寶 麻油心肝 招牌魯肉飯),39,108,4.0,1000192
193,弘爺漢堡,2,37,4.3,1000193
194,江小漁 酸菜魚鍋-學甲店,38,124,4.1,1000194
195,金翅雞,5,16,4.6,1000195
196,順德土產牛肉湯,40,792,4.3,1000196
197,食人魚村-台南道地海產,6,92,4.2,1000197
198,永倉伯椪柑,6,4,4.8,1000198
199,何紀牛肉湯,7,192,4.6,1000199
200,湯泉美地溫泉會館,41,593,3.5,1000200
201,阿生餐點,9,2,5.0,1000201
202,嶺一旅社,41,116,4.3,1000202
203,水井羅家,42,17,4.6,1000203
204,七里香甕仔雞-關仔嶺白河店,43,2098,3.8,1000204
205,關仔嶺古早厝山產快炒（虎山站）,9,216,4.3,1000205
206,虎山里蓮香甕缸雞,43,17,4.0,1000206
207,雲峰亭東山咖啡專賣店,6,125,4.4,1000207
208,易家香甕仔雞,43,980,4.6,1000208
209,學甲越鄉 脆皮烤乳豬,6,5,4.6,1000209
210,圓座甕仔雞,43,84,4.1,1000210
211,台北真來馫烤鴨莊 學甲分店(烤鴨 切片 炒骨 剁盤 剁炒),7,195,4.6,1000211
212,創意刈包,2,7,5.0,1000212
213,宜德小吃部,6,25,4.4,1000213
214,陳記牛肉麵 (牛肉蓋飯 滷味 水餃),6,30,4.6,1000214
215,順口味涮涮鍋 (海魚 藥膳排骨),33,169,4.3,1000215
216,學甲塩酥雞,5,229,4.6,1000216
217,陳媽媽早餐豆漿 學甲店 (紫米飯糰 蛋餅 西式燒餅 素食飯糰 豆漿 紫米漿),2,29,4.5,1000217
218,學甲稻香早點,2,23,4.1,1000218
219,頂山寮8號,7,3,3.7,1000219
220,好吃的炸排骨酥餐車,12,4,5.0,1000220
221,佳佳堡早餐店,2,8,5.0,1000221
222,無名早餐,2,8,5.0,1000222
223,奇異脆皮甕仔雞,43,233,4.2,1000223
224,珍珍商店,6,16,4.0,1000224
225,田園甕仔雞,43,391,4.6,1000225
226,公園商號,6,19,4.1,1000226
227,學甲Lệ Hằng越南河粉料理,44,25,4.4,1000227
228,明明早點,2,5,4.0,1000228
229,阿素虱目魚粥,38,182,4.3,1000229
230,阿娥虱目魚粥,6,304,4.5,1000230
231,(信友農場)橘子小溪,9,2,4.5,1000231
232,全美關東煮,9,11,4.6,1000232
233,品軒香甕仔雞,43,366,4.5,1000233
234,關嶺鹹酥雞,5,2,3.5,1000234
235,関之嶺餐館“柴燒“磚窯雞,43,290,4.2,1000235
236,南台灣土托魚羹-學甲店,6,112,3.5,1000236
237,其樂磚窯雞,43,1417,4.4,1000237
238,竹茅土雞城,43,371,4.6,1000238
239,岩頂自然休閒坊,9,1657,4.3,1000239
240,關仔嶺烤雞專賣店,43,9,4.1,1000240
241,樸軒食房（樸軒景觀餐廳）請先來電預約,6,655,4.3,1000241
242,寶琴山產小吃,6,283,4.5,1000242
243,寶珠甕缸雞,43,16,4.4,1000243
244,野蕉園土雞城,43,416,4.1,1000244
245,阿派的店,17,488,4.2,1000245
246,碧翠山產店,6,146,4.0,1000246
247,龍泉食堂,9,157,4.4,1000247
248,關子嶺『咖啡』早餐店,2,72,3.9,1000248
249,蔡頭飯麵,3,4,4.5,1000249
250,笠居園餐廳,24,625,4.3,1000250
251,保線所景觀餐廳,6,2,5.0,1000251
252,關仔嶺古早厝山產快炒（關嶺站）,9,302,4.4,1000252
253,關子嶺看景梅子雞,43,45,4.5,1000253
254,崁頂山野味餐廳,6,402,4.2,1000254
255,關子嶺茶壺雞,43,1009,4.4,1000255
256,香芝園餐飲店,6,10,4.5,1000256
257,早安美芝城將軍活力漚汪,2,34,3.5,1000257
258,藍帽披薩,45,1,5.0,1000258
259,阿金家常小炒,18,3,4.7,1000259
260,阿憲羊肉 (羊肉爐 羊肉炒飯 宮保羊肉 蔥爆羊肉 沙茶羊肉),6,362,4.5,1000260
261,永通虱目魚粥（學甲第一家虱目魚粥）,37,2989,4.2,1000261
262,幸福麵館 (水餃 餛飩乾雞蛋麵 蔥爆香菇米苔目 滷味拼盤 麻醬刀削麵),6,132,3.8,1000262
263,無名 炒米粉 炒麵 豬血湯,2,1,4.0,1000263
264,山頂居甕仔雞美食（關嶺店）,43,663,3.9,1000264
265,杉嶺,6,165,4.6,1000265
266,素清香水煎包（家昕）,22,10,5.0,1000266
267,素食早餐,2,2,5.0,1000267
268,學甲鵝肉-學甲店(鵝肉 小卷 花枝丸 丁香魚 豆豉蚵仔),7,703,4.3,1000268
269,佳佳牛肉麵,1,58,4.1,1000269
270,瓦寮鄧家關廟麵,24,6,4.7,1000270
271,學甲烤鴨莊,9,55,4.7,1000271
272,學甲黑輪輝 大腸炒香腸,26,12,5.0,1000272
273,懷香食堂,9,872,4.5,1000273
274,山霸王餐廳,6,3,4.0,1000274
275,旻鴈甕缸雞,43,878,4.1,1000275
276,巴豆夭印尼餐廳,46,6,4.8,1000276
277,碧仙莊美食餐廳,6,33,4.4,1000277
278,竹香園甕缸雞-仙草旗艦店,43,3972,4.3,1000278
279,大碗麵店,6,73,3.8,1000279
280,學甲臭豆腐,47,248,3.8,1000280
281,晨堡早餐,23,1,5.0,1000281
282,嶺景土雞城,43,530,4.4,1000282
283,品客小炒,6,32,4.3,1000283
284,素玉餐廳,6,32,4.9,1000284
285,川味黃家牛肉麵,3,105,4.5,1000285
286,五鮮級鍋物專賣 學甲自強店,21,472,4.7,1000286
287,學甲虱目魚粥老店( 學甲在地美食 學甲老字號 學甲美食 虱目魚湯 草魚湯),6,2756,4.2,1000287
288,村香十元壽司,14,21,4.6,1000288
289,莊家姐妹《蚵嗲》,9,5,5.0,1000289
290,東方美漢堡-佳里興,2,27,4.6,1000290
291,邵師傅薄皮生煎湯包/學甲美食/慈濟宮必吃 (鍋貼 蝦仁蒸餃 綜合燒賣 麻婆豆腐湯包),35,90,4.3,1000291
292,秋喜朝食 早午餐館,23,70,4.5,1000292
293,可口早點,2,3,3.7,1000293
294,原味山產美食，山藥麻糬推,6,663,4.3,1000294
295,老街山產美食景觀餐廳,6,511,4.4,1000295
296,古早味風味餐便當,9,1,5.0,1000296
297,阿嬤早餐店,2,11,5.0,1000297
298,學甲沙茶飯糰,2,1,5.0,1000298
299,義鹹酥雞（學甲區濟生店）,6,37,4.6,1000299
300,關子嶺賞螢觀景🍀山寮仔咖啡簡餐🐾,6,299,4.9,1000300
301,山景土雞城,43,1804,4.6,1000301
302,鑫旻鴈甕缸雞台南關子嶺 必吃甕仔雞美食 道地特色台菜景觀餐廳 PTT食尚玩家首選推薦,43,423,4.1,1000302
303,晨曦庭園美食,6,110,4.8,1000303
304,竹香園甕缸雞,43,2406,4.2,1000304
305,關子嶺紅雞城（甕缸雞）,6,548,4.5,1000305
306,仙嶺甕缸雞,43,90,4.3,1000306
307,老街甕缸雞,43,262,4.4,1000307
308,仙草埔在地文史生活驛站,6,1,5.0,1000308
309,御見香菇蛋,6,10,4.3,1000309
310,新月園-冠軍甕仔雞,43,158,4.4,1000310
311,阿界桶仔雞,43,3,3.7,1000311
312,御膳皇品餐飲,48,1,5.0,1000312
313,超能量甕仔雞,43,617,4.0,1000313
314,粗坑甕仔雞,43,167,4.2,1000314
315,霸皇碳火薑母鴨集團 (海陸鍋 紅蟳薑母鴨 塩酥薑母鴨),6,130,4.5,1000315
316,臭豆腐 豬血湯 魯味,17,1,5.0,1000316
317,媽媽の煎餃,6,1,5.0,1000317
318,關之嶺餐館,49,1,5.0,1000318
319,仁仔牛肉麵 (學甲美食老店 紅燒牛肉麵 牛肉炒飯),3,105,3.7,1000319
320,府城豆漿大王 學甲店,2,167,3.9,1000320
321,湯泉美地,6,4,4.0,1000321
322,5021餐廳,6,210,4.5,1000322
323,古早味-阿寬甕仔雞,43,475,4.2,1000323
324,阿杏早餐店,6,1,4.0,1000324
325,好新琴早餐店,6,24,3.8,1000325
326,漢堡家早餐店,2,31,4.1,1000326
327,真好味餐廳,6,55,3.8,1000327
328,美玲早餐店,23,41,4.5,1000328
329,煉‧瓦 日式餐廳,14,291,4.0,1000329
330,橄饗家西班牙嚴選美食餐廳Como en casa gourmet,6,582,4.4,1000330
331,東方美早餐店,6,39,3.6,1000331
332,找早點早餐店,2,2,4.0,1000332
333,新東灣早餐店,6,45,4.2,1000333
334,夏ㄧ跳早餐店,6,4,4.8,1000334
335,QQ堡早餐店,2,67,4.4,1000335
336,菊晨早餐店,2,6,4.5,1000336
337,森子巷早餐店,6,5,4.4,1000337
338,大張紅燒牛肉麵,3,70,4.2,1000338
339,街役場古蹟餐坊,6,1282,4.6,1000339
340,麥當勞-永康大灣餐廳,12,2185,4.0,1000340
341,四季香火鍋店,21,31,4.9,1000341
342,鹽行早餐店,2,3,4.0,1000342
343,老饕川味牛肉麵,24,313,3.5,1000343
344,胡攪蝦餃 凱旋店,50,647,4.6,1000344
345,夏慕尼新香榭鉄板燒台南公園南店,51,3461,4.5,1000345
346,聚悦居葷素餐廳,31,873,4.7,1000346
347,美而美早餐店,2,20,4.7,1000347
348,Feed Me美式餐廳(台南店),6,168,3.9,1000348
349,理想早餐店,2,3,4.0,1000349
350,三船の鰻丼San Chuan Unagi Don restaurant-日本料理 鰻魚飯 壽司握壽司 生魚片丼飯 日式定食烤物 高CP值日式料理 家庭聚餐餐廳推薦,14,1416,4.6,1000350
351,無名早餐店,2,120,4.2,1000351
352,巴東泰式料理Badom Thailand restaurant,52,868,4.1,1000352
353,漢來蔬食 台南店,25,1378,4.4,1000353
354,鑫華茶餐廳,8,1605,4.1,1000354
355,春宮居酒屋,15,298,4.8,1000355
356,KATZ 卡司韓拾炸雞 台南西門店,53,363,4.2,1000356
357,元馨早餐店,2,13,4.2,1000357
358,種素Zone Su養生蔬果早餐,2,155,4.9,1000358
359,武市脆口炸雞-台南科大店,5,24,4.5,1000359
360,夏一跳早餐店,6,12,4.3,1000360
361,長春健康素食餐飲連鎖-台南安和店,22,401,4.1,1000361
362,三商巧福 永康二門市,3,410,3.8,1000362
363,Phở22河粉南洋小吃 成大美食,6,926,4.3,1000363
364,三商巧福 長榮門市,1,878,3.7,1000364
365,大友牛肉麵,1,213,4.1,1000365
366,香Q堡早餐店,2,53,3.9,1000366
367,尚廚早餐店,2,19,4.6,1000367
368,家喜早餐店,2,13,4.9,1000368
369,美而美早餐店,6,34,3.9,1000369
370,超堡早餐店,23,223,3.6,1000370
371,鮮味軒餐廳,20,220,4.4,1000371
372,吳家湖南牛肉麵,3,326,4.0,1000372
373,現作早餐店,9,1,5.0,1000373
374,阿貴早餐店,2,27,4.5,1000374
375,極鮮火鍋,21,3067,3.9,1000375
376,東方美早餐店,2,219,4.5,1000376
377,好也粵式中餐廳,9,397,4.2,1000377
378,燒究餐飲集團-台南燒肉推薦｜焼肉ショジョ Yakiniku SHOJO 台南全球旗艦店,54,4828,4.8,1000378
379,慈濟園素食餐廳,25,564,4.2,1000379
380,HALAL food 穆斯林的店,55,401,4.4,1000380
381,Woopen木盆 永康加盟門市,6,146,4.2,1000381
382,吉田Kitchen Yoshida,6,556,4.1,1000382
383,阿美飯店,7,1953,4.2,1000383
384,時蔬異理早餐店,25,5,4.6,1000384
385,張家牛肉麵,1,270,4.3,1000385
386,來一碗牛肉麵,24,134,4.8,1000386
387,白宮餐廳,6,146,3.8,1000387
388,麥雅印度咖喱 Maiya Indian Curry Halal,13,145,4.6,1000388
389,長春健康素食餐飲連鎖開元店,22,619,4.2,1000389
390,活水早餐店,2,123,4.2,1000390
391,頡寶牛肉麵,3,579,4.5,1000391
392,Funkoo Bar - Mexican Cuisine & Bar,56,407,4.3,1000392
393,赤崁璽樓蔬食,22,2134,4.5,1000393
394,東家牛肉麵,3,59,4.3,1000394
395,欣欣餐廳(阿塗師),7,821,4.2,1000395
396,遠東CAFÉ,57,2425,4.4,1000396
397,媽媽早餐店,2,13,3.8,1000397
398,懶日子桌遊餐廳Lazyday table dining restaurant,6,409,4.2,1000398
399,主廚帽印度餐廳,13,723,4.7,1000399
400,麥當勞-永康中華三餐廳,12,345,3.7,1000400
401,Principe 原則,58,160,4.5,1000401
402,廚房有雞花雕雞 北安旗艦店,9,3240,4.7,1000402
403,黑店船屋餐廳(Vanaheim 愛莊園),6,9,3.6,1000403
404,永林綜合料理 Yonlin Restaurant,6,2801,4.4,1000404
405,古家手作 Restaurant 鴨香飯 （北成總店）,24,387,4.0,1000405
406,衫樽串燒居酒屋,59,708,4.4,1000406
407,is義式餐廳,60,929,4.3,1000407
408,萬香現撈海鮮.燒烤.熱炒.羊肉爐,21,645,4.2,1000408
409,8818 Pizza Restaurant 比薩屋-永康店,6,965,4.0,1000409
410,古城豆花庄（老店）,7,3872,4.4,1000410
411,莘咖哩 VeganersWorld,13,2630,4.9,1000411
412,麥當勞-台南民族店,12,1668,3.9,1000412
413,麥當勞-安南北安店,12,2333,4.0,1000413
414,麥當勞-台南東區大學店,12,2894,3.8,1000414
415,麥當勞-台南永康中華餐廳,12,2978,3.9,1000415
416,銀日式居酒屋,14,103,3.9,1000416
417,肯德基 台南中華餐廳,12,3885,3.9,1000417
418,台南轉角餐廳CORNER STEAK HOUSE｜台南牛排餐廳｜成大美食餐廳｜尾牙婚宴包場,61,1822,4.3,1000418
419,SK尚恩美式餐廳,62,761,4.5,1000419
420,INDIANA RESTAURANT 印度餐廳,25,63,4.6,1000420
421,村長餐廳,63,123,4.4,1000421
422,東原美而美漢堡店,2,5,5.0,1000422
423,東農餐廳,6,2,5.0,1000423
424,東原牛肉麵陽春麵,6,25,4.5,1000424
425,四海飯店-曾文水庫餐廳 | 團體合菜 | 招牌水庫魚 | 養生山菜 | 筍殼魚料理,6,244,4.5,1000425
426,烏山頭早餐店,2,1,5.0,1000426
427,北平刀削牛肉麵,3,210,4.4,1000427
428,洪家莊牛肉麵,3,182,4.1,1000428
429,玉井阿娟早餐店,2,111,4.3,1000429
430,來來早餐店,2,14,4.7,1000430
431,美乃滋早餐店(美隆興餅舖),2,19,4.4,1000431
432,田園漢堡早餐店(漢堡蛋餅),2,2,5.0,1000432
433,小豆荳早餐店,2,17,4.6,1000433
434,柳營明月早餐店,6,30,4.4,1000434
435,山寨家庭餐廳,6,376,4.1,1000435
436,小猴子複合式餐廳：Little Monkey Restaurant,64,451,4.3,1000436
437,廳舍餐廳,6,524,4.3,1000437
438,新萬香餐廳,7,2577,3.9,1000438
439,宏珍宴席餐廳,65,486,4.1,1000439
440,四川牛肉麵,6,94,4.1,1000440
441,月津懷舊食堂Yuejin Nostalgia Restaurant,3,117,4.0,1000441
442,無名早餐店,2,1,5.0,1000442
443,東北牛肉麵,3,74,4.0,1000443
444,舊七里香早餐店,2,9,4.3,1000444
445,無名早餐店,2,4,5.0,1000445
446,小紅堂牛肉麵,3,406,4.6,1000446
447,櫻居酒屋,66,9,4.9,1000447
448,海宴餐廳,6,808,4.4,1000448
449,楠西福來梅仔雞創始老店-台南 必吃美食 薑黃雞 砂鍋魚頭 水庫魚虎 筍殼魚 特色台式合菜餐廳 團體聚餐 婚宴喜慶場地 首選推薦,43,856,3.7,1000449
450,湖南牛肉麵,3,56,3.9,1000450
451,東方美早餐店,2,124,4.3,1000451
452,福隆錦宴餐廳(白河),9,83,4.1,1000452
453,東原 肉圓 米糕,9,13,4.9,1000453
454,蔥抓餅店,2,1,5.0,1000454
455,東原 古早麵(一筒山產行 古早味麵店),3,3,3.7,1000455
456,梅花飯店水庫店,7,793,4.5,1000456
457,東原 豆菜麵老店,23,10,4.9,1000457
458,尤家煎餅,2,13,5.0,1000458
459,174橫路東山休息站,9,86,4.4,1000459
460,台南欽仔小吃,6,7,4.3,1000460
461,紫薇園生態農場,6,82,4.5,1000461
462,雅品桶仔雞（外帶）,6,81,4.3,1000462
463,大廟口水煎包,2,16,4.4,1000463
464,豐海鮮漁府,20,1398,4.2,1000464
465,阿宗快炒,9,53,4.2,1000465
466,菇morning蔬食餐飲連鎖-佳里店（店休日請看臉書）,23,101,4.3,1000466
467,HERO JAYA (TOKO INDO) 宏豐 印尼店,46,28,4.6,1000467
468,品豪平價小火鍋麻辣鍋,21,193,3.7,1000468
469,喬比Chubby鬆餅，蛋餅舖,2,12,3.9,1000469
470,早安美芝城佳里活力新生,2,57,4.3,1000470
471,呷尚寶-佳里店,2,136,4.4,1000471
472,順福土產牛肉湯,7,1597,4.3,1000472
473,金盃美而美（東山店）,2,14,5.0,1000473
474,素人麵線,2,6,4.8,1000474
475,誠意豆菜麵,2,1,5.0,1000475
476,晨間廚房早午餐東山中興店/蛋餅/早餐/麵/東山農會,23,36,3.8,1000476
477,盛齋素食館,25,5,4.8,1000477
478,張記東山肉圓,7,495,4.2,1000478
479,東山牛肉湯,9,26,4.3,1000479
480,金捐香雞排,12,3,5.0,1000480
481,如是我聞韓式海苔飯捲白河店,6,20,4.6,1000481
482,文珍麵館,9,62,4.0,1000482
483,陽新刈包豆漿,6,96,4.2,1000483
484,香姐滷肉飯白河總店,9,68,4.4,1000484
485,籃記豆花,16,42,4.3,1000485
486,古早味陽春麵,6,60,4.3,1000486
487,桔香蜜,48,32,4.2,1000487
488,福虎北方蔥油餅,6,24,4.8,1000488
489,早安美芝城白河活力三民,2,92,4.0,1000489
490,古早味黑糖刨冰,6,141,4.3,1000490
491,永和四海豆漿,2,26,4.1,1000491
492,永樂關廟肉粿,24,12,4.9,1000492
493,壽司控,30,24,4.3,1000493
494,南鯤鯓海產店,6,358,4.3,1000494
495,九湯屋日本拉麵—佳里店,67,263,4.1,1000495
496,味沙無煙鐵板燒,51,167,4.4,1000496
497,光合作用精選早午餐店,23,196,4.4,1000497
498,豆鮮屋,2,20,4.3,1000498
499,北海鍋燒粥品專賣店,37,14,4.5,1000499
500,佳里福品軒素食店06-7230558負責人李咨吟,22,23,4.3,1000500
501,晨間廚房早午餐白河新興店/蛋餅/早餐/麵/,23,29,4.3,1000501
502,花開富粿,6,44,4.6,1000502
503,DoDo's 手工火烤披薩,45,11,3.8,1000503
504,拉亞漢堡 白河國泰,23,122,4.0,1000504
505,三媽臭臭鍋白河店,21,17,4.2,1000505
506,幸田樂/關東煮/輕食,6,56,4.4,1000506
507,瑞賢商號/米麩、穀粉,6,22,4.1,1000507
508,勳伯古早味豆花,16,46,4.7,1000508
509,阿娟的店,6,1,5.0,1000509
510,大排竹古早味的碗粿,2,6,5.0,1000510
511,松竹平價日本料理,14,127,4.0,1000511
512,阿德包子,6,69,3.9,1000512
513,白河吳家鳥蛋熱狗,68,19,4.8,1000513
514,呷看嘜越南美食,27,21,5.0,1000514
515,早安山丘-白河店,23,140,3.7,1000515
516,八森鐵板燒,51,124,4.9,1000516
517,娜Na手作廚房,69,841,4.6,1000517
518,北門豆花,16,482,4.3,1000518
519,巧禾熱炒,7,43,4.4,1000519
520,古早味麵店,3,1,4.0,1000520
521,阿欽魯肉飯,6,65,4.5,1000521
522,非比中西式早餐,2,1,4.0,1000522
523,阿智小吃,6,199,4.1,1000523
524,比比早餐,6,23,4.9,1000524
525,早安美芝城白河中正,2,28,4.6,1000525
526,珍珠越南小吃,6,4,4.5,1000526
527,晶采快餐,9,35,4.4,1000527
528,大新素食,6,9,4.8,1000528
529,米妮火鍋,6,2,5.0,1000529
530,白河圓環鹹酥雞,5,107,4.0,1000530
531,阿銀的店（素潤餅）,25,1,5.0,1000531
532,高一炭火砂鍋魚頭,9,17,4.6,1000532
533,廣興草魚粥,37,87,4.4,1000533
534,麵屋伊羽,14,15,4.7,1000534
535,七里香,6,31,3.5,1000535
536,小南老蘇排骨便當,9,259,3.9,1000536
537,白河初早餐,2,4,5.0,1000537
538,青青麵水餃店,1,8,5.0,1000538
539,東山大臉盆沙鍋魚頭,6,717,3.8,1000539
540,田媽媽北門嶼輕食風味餐廳,17,365,4.1,1000540
541,鹽鄉民宿餐廳 Salt Country House,6,1047,4.3,1000541
542,鍋燒玉麵,3,6,5.0,1000542
543,萬緞陽春麵,6,42,4.2,1000543
544,正之秋無毒農場,6,7,4.3,1000544
545,無名司目魚店,6,13,4.5,1000545
546,漚汪鍋燒意麵,6,11,4.6,1000546
547,翁記自助餐,6,4,3.5,1000547
548,漚汪台南排骨飯,6,25,4.2,1000548
549,麗雯桶仔雞,43,4,4.8,1000549
550,熬鍋燒-白河店,6,48,4.6,1000550
551,阿升生炒鴨肉焿,9,11,5.0,1000551
552,擱來自助餐,6,4,5.0,1000552
553,六年甲班義大利麵（白河店）,6,146,4.4,1000553
554,海王子庭園餐廳,7,945,3.7,1000554
555,青鯤鯓錦雀天然蝦乾,6,20,4.0,1000555
556,西濱商圈海巢生活空間,6,1,5.0,1000556
557,港式九龍鹽酥雞,5,1,5.0,1000557
558,上蠔烤蚵吃到飽,6,1952,4.8,1000558
559,客來堡,6,6,5.0,1000559
560,東方美,2,4,4.0,1000560
561,青鯤鯓周寶猜的火燒蝦蝦乾,6,59,4.6,1000561
562,早安美芝城將軍活力馬沙溝,2,11,3.7,1000562
563,萬味珍餐廳,20,682,4.2,1000563
564,秀碧蚵嗲,5,152,4.3,1000564
565,尚好味蚵嗲,6,96,4.5,1000565
566,優哆食堂將軍漁港店,7,14,4.4,1000566
567,李聖宮-鹹酥雞,6,8,4.4,1000567
568,海商海鮮餐廳,20,281,4.4,1000568
569,馬沙溝美而美,6,9,4.9,1000569
570,小邱小吃(邱家料理）,20,152,4.6,1000570
571,風鈴屋,6,247,4.2,1000571
572,早安美芝城青鯤鯓,2,15,4.3,1000572
573,阿玲小舖,6,3,5.0,1000573
574,白糖粿,12,3,4.7,1000574
575,藏鮮家,6,4,5.0,1000575
576,象仔海產,6,57,4.6,1000576
577,葉媽魚嶺 (A3-6),6,7,4.7,1000577
578,九叔公餐廳 將軍漁港海景宴會廳（海鮮蒸籠塔）,20,324,4.2,1000578
579,AMIS海邊坐坐覓食,6,57,4.9,1000579
580,阿枝家常小吃,20,3,5.0,1000580
581,繽熊-創意美食,6,55,5.0,1000581
582,海產攤,9,1,5.0,1000582
583,白河阿惠火雞肉飯,6,152,4.3,1000583
584,幸福豆漿,9,78,3.7,1000584
585,手作蛋餅專賣店,2,1,5.0,1000585
586,白河當歸羊肉,6,51,4.5,1000586
587,阿臭麵店,6,44,4.1,1000587
588,70年豆漿,2,1,5.0,1000588
589,帝王食補 白河店,21,97,3.9,1000589
590,阿猜海產,6,1,5.0,1000590
591,白河當歸鴨,39,45,4.2,1000591
592,榮皇火鍋、簡餐（白河店）,6,161,4.9,1000592
593,田媽媽 長盈海味屋 (米其林必比登推介、十大神農獎,20,443,4.2,1000593
594,小寶貝排骨麵,6,23,4.8,1000594
595,梅香便當,6,11,4.8,1000595
596,翁國代家藥膳美食館,6,2,5.0,1000596
597,白河大腸包小腸,6,1,5.0,1000597
598,菩提綠食餐飲,25,4,5.0,1000598
599,白河涼拌肉粿,6,1,5.0,1000599
600,白河麗玉桶仔雞,43,560,4.1,1000600
601,阿和蓮花園,6,9,3.8,1000601
602,雪都牛排,31,2,5.0,1000602
603,海宴平價快炒,9,2,5.0,1000603
604,客來堡早餐店,6,1,4.0,1000604
605,大排檔海鮮熱炒,7,8,4.5,1000605
606,豆菜麵,3,10,4.8,1000606
607,白河大籠包中西式早餐,6,101,4.1,1000607
608,阿富海產,7,42,4.4,1000608
609,美芝城早點,2,20,3.9,1000609
610,樂活東山早餐屋,2,3,4.7,1000610
611,大美早餐店,6,7,4.6,1000611
612,海豚灣早餐店,2,6,3.7,1000612
613,善化蔬(素)食館Shanhua Vegetarian Restaurant,22,207,4.1,1000613
614,錡翰早餐店,2,26,4.7,1000614
615,濃園滿漢餐廳,9,1900,4.3,1000615
616,張家水餃店,35,1264,4.4,1000616
617,美而美早餐店,2,1,5.0,1000617
618,樹谷懷舊餐廳,7,960,4.3,1000618
619,真美珍餐廳,6,3,4.0,1000619
620,味佳牛肉麵,1,4,4.0,1000620
621,瑪哈印度餐廳善化店Maharaja Indian restaurant,13,113,4.7,1000621
622,吉米THAI.泰式餐廳,52,1445,4.5,1000622
623,踩到貓兒RESTAURANT,21,291,4.1,1000623
624,QQ堡早餐店,2,31,4.6,1000624
625,有沒有牛肉麵,3,409,4.6,1000625
626,阿草肯得福（大社店）,43,18,4.5,1000626
627,牛肉麵,9,7,4.7,1000627
628,阿財早餐店,2,11,4.5,1000628
629,歸仁早餐店,2,1,4.0,1000629
630,Y博牛肉麵,6,38,4.4,1000630
631,酒河原居酒屋,15,1009,4.2,1000631
632,香夫子牛肉麵,3,109,4.3,1000632
633,老夫子牛肉麵,3,265,3.5,1000633
634,春發臭豆腐,47,121,4.5,1000634
635,尚益牛肉麵,6,25,4.6,1000635
636,益軒蕃茄牛肉麵,31,204,4.1,1000636
637,王媽媽早餐店,2,148,4.8,1000637
638,珍美味早餐店,6,35,4.9,1000638
639,中式早餐店,2,4,4.5,1000639
640,二饌牛肉麵,3,262,3.8,1000640
641,阿銘牛肉麵,3,457,4.3,1000641
642,頂璽懷舊飯館 Ding Shi Restaurant,6,116,4.4,1000642
643,品味現製素麵館,22,310,4.7,1000643
644,新感受,9,118,4.5,1000644
645,帝王食補 關廟店,21,120,4.3,1000645
646,程家水餃,35,45,3.8,1000646
647,元氣屋早餐店,2,8,4.1,1000647
648,中西式早餐店,2,5,4.2,1000648
649,一炎拉麵,67,62,4.7,1000649
650,轉角6號早餐店,2,18,4.7,1000650
651,東港鮪魚飯湯,70,2,3.5,1000651
652,所長茶葉蛋 (新化店),9,477,4.1,1000652
653,早安美芝城新化信義,2,43,3.9,1000653
654,新營宇航牛肉湯,7,862,4.4,1000654
655,店仔口肉丸（我們搬新家了）,70,8,4.9,1000655
656,日船章魚小丸子（白河店）,11,8,4.5,1000656
657,顏記水餃牛肉麵,6,71,4.5,1000657
658,新營黃省道阿伯泰國蝦專賣店,20,7,5.0,1000658
659,魔王狂暴雞排,71,1,5.0,1000659
660,頂長短樹站牌早餐車,2,85,4.7,1000660
661,莊子逍遙農場,6,5,5.0,1000661
662,東山虎媽雞蛋糕,16,26,5.0,1000662
663,享鮮食堂,31,17,4.9,1000663
664,早安美芝城早安活力東山,2,47,4.3,1000664
665,安溪寮鹽酥雞,6,136,4.6,1000665
666,阿文肉丸大腸,64,434,4.2,1000666
667,皇品牛排-安溪寮夜市,17,6,4.5,1000667
668,無名早餐店(鐵皮屋),2,7,5.0,1000668
669,新化黑輪伯,26,107,4.3,1000669
670,千香漢堡 新化中山店,2,48,4.0,1000670
671,新化正新中西式健康蔬食早午餐屋,22,86,4.9,1000671
672,粽粽早餐店,2,136,4.6,1000672
673,一心山羊肉,36,671,4.2,1000673
674,弘爺漢堡新化第一店,2,116,4.3,1000674
675,南化阿蘭餐廳,6,101,4.2,1000675
676,早安美芝城新化復興,2,86,4.3,1000676
677,麥當勞-台南歸仁餐廳,12,2162,3.9,1000677
678,珍牛川味牛肉麵,3,286,4.0,1000678
679,新化老爹牛肉麵,24,244,3.9,1000679
680,阿輝蛋餅早餐店,2,10,4.8,1000680
681,無名煎粿,6,30,4.4,1000681
682,泰國餐廳,52,2,5.0,1000682
683,後壁火車頭便當店,9,14,4.2,1000683
684,青龍山公園土雞城,24,445,3.8,1000684
685,紅螞蟻早點,2,8,4.8,1000685
686,兔子兜兜-義大利麵/燉飯/草本茶,60,45,5.0,1000686
687,魔王狂爆雞排,43,8,5.0,1000687
688,後壁車站非比早餐店,2,4,5.0,1000688
689,豚將拉麵新化店,67,335,3.9,1000689
690,金凱平價鐵板燒,51,72,4.2,1000690
691,晨間廚房早午餐新化中正店,23,132,3.6,1000691
692,新化廟邊枸杞土虱,24,75,4.3,1000692
693,鵬達早餐店,2,1,5.0,1000693
694,哈哈早餐店,2,143,4.8,1000694
695,麥當勞-台南新市餐廳,12,3382,4.0,1000695
696,呷J 鮮酥雞,5,18,4.9,1000696
697,本產羴新鮮山羊肉店,36,158,4.0,1000697
698,天味廣東粥,9,3,5.0,1000698
699,大目降文創 (瓜瓜園)新化果菜市場店,6,234,5.0,1000699
700,葉陶楊坊人文餐廳,7,2013,4.2,1000700
701,鬍鬚龍牛肉麵,1,182,4.4,1000701
702,鄉土情土雞小吃,7,200,4.4,1000702
703,佳佳園桶仔鶏,43,294,4.5,1000703
704,強強滾羊肉店（休息請看臉書公告,6,179,4.1,1000704
705,張家土雞,48,4,4.8,1000705
706,ㄧ斤溫體牛肉湯,23,51,4.5,1000706
707,老王砂鍋魚頭,7,78,4.6,1000707
708,化石館桶仔雞小炒,6,23,4.8,1000708
709,左鎮古早味秀娥阿嬷的店（肉粽、素碗粿、花生鹹粿、鹼羹和味增湯）,2,143,4.6,1000709
710,鄉土味小吃/左鎮最早的麵店/菜市場口/左鎮公有零售市場,7,59,4.5,1000710
711,後壁冰糖醬鴨 (Houbi Crystal Sugar Braised Duck),48,443,3.8,1000711
712,東山威記原汁排骨湯,9,115,4.8,1000712
713,綠谷西拉雅「愛家本舖」,6,1,4.0,1000713
714,【林家祖傳臭豆腐】,6,196,4.5,1000714
715,平埔族美食,6,758,3.7,1000715
716,吃飯,7,6,4.3,1000716
717,長泰隆,6,26,4.3,1000717
718,榮哥ㄟ 桶仔雞,24,27,4.2,1000718
719,新化林家園藝,6,303,4.1,1000719
720,ㄚ嘉鋼管雞,6,9,4.2,1000720
721,阿美土雞城,43,75,4.5,1000721
722,tigers nest,6,1,4.0,1000722
723,左鎮鋼管碳烤土雞,43,517,4.4,1000723
724,王家燻羊肉,6,973,4.0,1000724
725,椰子林美食餐廳,7,372,3.9,1000725
726,過嶺土雞城,6,5,4.0,1000726
727,左鎮排骨酥麵,6,6,4.0,1000727
728,愛幸福甕缸雞,43,38,4.8,1000728
729,東山-東方美早餐店,2,39,4.8,1000729
730,頂好水餃麵館,3,249,4.2,1000730
731,店小貳快炒,6,9,4.2,1000731
732,王家鴨排,6,137,4.0,1000732
733,阿真雞肉飯,57,2,4.5,1000733
734,正堂點心麵館,9,13,3.6,1000734
735,陳媽咪飯糰(後壁店),2,8,5.0,1000735
736,日常壽司,9,4,5.0,1000736
737,雞唄唄火雞肉飯,6,56,4.6,1000737
738,越南美食,27,43,4.2,1000738
739,蓮子風味餐創始店,6,4,3.5,1000739
740,麥當勞-台南安南海佃店,12,2568,4.0,1000740
741,慶平海產,20,2467,4.0,1000741
742,山東水餃店,6,69,4.1,1000742
743,鯨吞燒 串燒酒場-總本店,59,711,4.1,1000743
744,帝王宴會餐廳,6,224,4.0,1000744
745,Long Trunk Curry Thai Restaurant,6,6,4.8,1000745
746,TIMA超大豬排,72,430,4.4,1000746
747,徐媽媽早餐店,2,539,4.0,1000747
748,牛苑溫體牛肉火鍋,21,823,4.0,1000748
749,穎川水餃店,35,1203,4.1,1000749
750,SIOU JHIH秀枝餐飲-永華店,6,1567,4.2,1000750
751,晨翊早餐店,23,32,4.7,1000751
752,福爾摩沙遊艇酒店－威尼斯餐廳 Venice Restaurant,57,1240,4.4,1000752
753,福爾摩沙遊艇酒店－湖光餐廳 Lakeside Restaurant,24,522,4.7,1000753
754,三商巧福 台南門市,3,354,3.9,1000754
755,佳美早餐店,2,97,3.9,1000755
756,漢堡霞早餐店,2,25,4.7,1000756
757,【日銘鮨】 板前壽司 無菜單料理 台南美食 日式餐廳 安平日本料理 生魚片 握壽司,14,494,4.4,1000757
758,L'esprit café 初衷咖啡,73,295,4.4,1000758
759,美之城 早餐店,2,7,4.1,1000759
760,美而美早餐店,2,34,4.2,1000760
761,台南民生早餐店,2,16,3.6,1000761
762,張記早餐店,2,409,4.3,1000762
763,(朝代大飯店)皇朝中餐廳,74,4,3.8,1000763
764,椰庭餐廳（店休請看FB/IG),9,832,4.3,1000764
765,雲象泰式餐廳,52,1314,4.4,1000765
766,上漁町居酒屋,15,257,4.2,1000766
767,香茅魚泰式料理餐廳,6,542,4.3,1000767
768,Les OMBRES d'Ambre Restaurant光影餐廳,75,638,4.4,1000768
769,麥當勞-台南安平中華店,12,3090,3.8,1000769
770,小香港茶餐廳,10,1763,4.0,1000770
771,MexCafe 老墨酒吧 Mexican restaurant & bar ｜墨西哥餐廳,6,170,4.7,1000771
772,揚梅吐氣,18,399,4.4,1000772
773,故鄉涼麵,50,65,4.5,1000773
774,賢美早餐店,2,14,4.4,1000774
775,蓁家早餐店,2,8,5.0,1000775
776,阿蕊餐廳,6,11,3.6,1000776
777,台東牛肉麵,3,187,3.5,1000777
778,八方緣櫻桃烤鴨庄-善化門市/潛艇堡/淺艇堡/美食/特色/小吃/必吃/CP/夯/推薦/潛艇堡/下午茶/外送/善化美食/善化午餐/善化晚餐/善化小吃/善化好吃/善化推薦美食/restaurants/善化餐廳/南科美食/南科下午茶/台南美食/,9,1136,4.6,1000778
779,九灶羊肉海鮮自助鍋物,6,754,4.3,1000779
780,合豐園牛肉麵,3,264,4.1,1000780
781,橘井草本園,76,3,5.0,1000781
782,麥當勞-善化光復餐廳,12,2861,3.9,1000782
783,大成庭園餐廳－合菜 推薦 婚宴會館 高cp值 春酒尾牙 商業合菜 喜宴 台菜 客製化合菜 公司商業聚餐 人氣 餐廳評價,65,880,3.9,1000783
784,漾煙鍋,21,643,4.8,1000784
785,茂興土雞城,9,258,3.9,1000785
786,山分甜茶館,22,55,4.4,1000786
787,龜丹水哥溫泉區 | 龜丹休閒體驗農園-溫泉民宿 | 仿野溪原石設計溫泉區 HOT-SPRING RESORT,41,721,3.7,1000787
788,嘟嘟現炒餐廳,7,1022,4.3,1000788
789,老陳牛肉麵,3,122,3.6,1000789
790,牛山烤雞 庭園餐廳,18,139,4.0,1000790
791,東方美早餐店(成功店),6,30,4.2,1000791
792,東方美早餐店,2,1,5.0,1000792
793,台西鵝肉,6,119,4.3,1000793
794,東家肉燥飯,6,30,4.3,1000794
795,玉井有間冰舖芒果冰,16,6179,4.3,1000795
796,山上拉麵館,67,1,5.0,1000796
797,玉梅芒果冰,16,413,4.7,1000797
798,阿祐吐司 Ayu Toast (台南新市店),23,84,4.9,1000798
799,珍好味臭臭鍋 新市店,21,105,3.7,1000799
800,早安美芝城新市活力光華,2,113,3.5,1000800
801,霸王海鮮塔汕頭沙茶爐,20,470,4.5,1000801
802,戰鬥雞 油雞/醉雞 輕食餐盒 新市仁愛店,43,20,4.2,1000802
803,麥味登,2,12,4.1,1000803
804,麻小二麻辣燙 新市店,21,299,4.2,1000804
805,元氣甜湯 微甜低糖穀物類甜湯飲品專賣店,16,55,4.5,1000805
806,Oden黑殿大腸包香腸,26,130,4.1,1000806
807,芫朗手作早午餐新市店,2,24,4.2,1000807
808,碳鍋屋村私房料亭燒肉,54,272,4.0,1000808
809,早安美芝城新市活力中正,2,140,3.5,1000809
810,巧思虱目魚羹泰國船麵,17,1,5.0,1000810
811,周氏蝦捲（社區中心）,7,37,4.2,1000811
812,早安美芝城新市活力延平,2,32,3.7,1000812
813,傻師傅湯包,9,14,3.6,1000813
814,小熊家,24,27,3.8,1000814
815,凱旋餐廳,6,616,3.9,1000815
816,蹄膀封肉- 台南伴手禮推薦｜古積食品,7,81,4.6,1000816
817,杜家碳烤鋼管雞,77,34,4.6,1000817
818,老趙炸蛋蔥油餅,34,9,5.0,1000818
819,瓦樣山巷 台南玉井農莊 異國蔬食料理 （戶外婚禮 住宿 露營農場 民宿 車泊 會議廳出租 團體聚餐 遊覽車可停 ）隱藏版美食 景觀餐廳 網美餐廳,22,698,4.3,1000819
820,早安美芝城台南活力南化,2,10,4.0,1000820
821,裕農場,6,3,4.7,1000821
822,愛文鄉冰島（玉井店）,22,524,4.0,1000822
823,安仔甕缸雞,43,908,4.0,1000823
824,玉井區農會熱情小子芒果冰館,16,2572,3.9,1000824
825,神采日式涮涮鍋,21,134,4.1,1000825
826,修圓道場,78,11,4.4,1000826
827,茗點漢堡,23,47,4.7,1000827
828,番 大眾酒場,15,571,4.3,1000828
829,拉亞漢堡 新市中興,23,84,4.1,1000829
830,蘋果早餐車,2,5,4.2,1000830
831,尚慶水餃館,9,56,4.4,1000831
832,小華素食,22,184,4.1,1000832
833,巴豆夭百元鍋物-台南新市南科店,21,243,4.9,1000833
834,KALUWA泰式音樂餐廳,52,710,4.2,1000834
835,福滿居自助餐,57,9,3.9,1000835
836,摩斯漢堡 南科店,62,404,3.9,1000836
837,李氏別苑 仁愛店,10,100,4.8,1000837
838,品福關東煮,14,10,5.0,1000838
839,漢堡大師新市民族店,2,10,3.7,1000839
840,好時光手作早餐（Good day）,2,24,4.9,1000840
841,鉄大正咖哩專門店,79,248,4.1,1000841
842,新市鍋就好臭臭鍋,21,340,3.9,1000842
843,阿華早餐店,2,2,4.5,1000843
844,九湯屋日本拉麵新市店,67,187,4.2,1000844
845,玉井春捲王 市場口大腸香腸,6,3,3.7,1000845
846,青青芒果冰,16,0,,1000846
847,賀呷ㄟ飯糰,2,3,5.0,1000847
848,小謝鱔魚意麵,9,1,5.0,1000848
849,早安美芝城玉井活力中正,2,83,4.0,1000849
850,玉井大眾餐廳 | 喜慶宴會 | 團體合菜 | 大小聚餐 | 露營伙食 | 農特產品 | 外送食才服務(便當/野炊/烤肉/合菜/宵夜),6,242,3.8,1000850
851,阿鴻土魠魚羹,39,11,4.9,1000851
852,百里燒餅店,2,21,4.6,1000852
853,上鼎茶莊,23,35,4.7,1000853
854,玉井林記虱目魚粥店,37,90,4.1,1000854
855,聖覺蔬食,25,38,4.5,1000855
856,玉井讚冰店-芒果冰 分店,16,16,4.9,1000856
857,玉井包子饅頭早餐店,2,37,4.3,1000857
858,玉井讚冰店-芒果冰 總店,16,1001,4.8,1000858
859,水果愛上冰,6,4,4.8,1000859
860,麥味群漢堡店,6,148,4.3,1000860
861,玉井圓環手工蔥抓餅,2,4,5.0,1000861
862,吐司廚房-早午餐,23,45,4.4,1000862
863,阿紅越南美食,17,5,4.6,1000863
864,翔楓火鍋城,6,14,3.8,1000864
865,雅竹麵館,1,121,3.9,1000865
866,瓏示寶,6,13,4.5,1000866
867,一魚12吃 - 台南 水庫推薦美食 中式料理 熱炒 特色平價山產 合菜小吃首選PTT雜誌推薦餐廳,6,138,3.9,1000867
868,鄭福記滷味,9,12,4.3,1000868
869,餃子本舖（冷凍水餃）,35,11,5.0,1000869
870,美味香早餐,2,1,4.0,1000870
871,妙音素食,25,13,4.2,1000871
872,新市土地公臭豆腐,47,1203,4.1,1000872
873,極品咖哩讚岐烏龍麵,79,80,4.6,1000873
874,巨食強身,80,32,4.6,1000874
875,華興75煎盤粿,2,8,4.5,1000875
876,川醉湘-台南新市店,24,47,4.6,1000876
877,小鹿豆花,16,35,4.7,1000877
878,炭厚飽炭烤土司,2,21,4.3,1000878
879,京享鐵板燒 新市店,51,913,4.7,1000879
880,Kiss pizza(台南LM店）,81,62,3.8,1000880
881,小熊蹲蹲食堂,23,6,4.8,1000881
882,晨間廚房早午餐新市龍目井店/蛋餅/早餐/麵/吉的堡美語陽光分校,23,105,3.9,1000882
883,早安山丘-新市潭頂店,23,36,4.3,1000883
884,早安山丘-新市信義店,23,101,4.3,1000884
885,曾記古早味大腸香腸店,6,84,4.6,1000885
886,梅花飯店楠西店,7,390,4.2,1000886
887,真維信鮮魚湯,6,85,4.3,1000887
888,阿和羊肉店,9,37,4.4,1000888
889,老牛伯豬血豬肺粿專賣店,36,447,3.9,1000889
890,如意饌鍋物,17,26,4.6,1000890
891,呷好寶素食,22,186,4.6,1000891
892,小地方素食早餐店,2,17,4.7,1000892
893,千香漢堡 玉井民族店,23,28,4.3,1000893
894,三好肉燥飯,9,7,5.0,1000894
895,阿仁羊肉店,9,124,3.8,1000895
896,龍鳳山海產,20,7,4.9,1000896
897,玉井二空涼麵,50,602,4.1,1000897
898,玉井夜市-葉家羊肉,6,7,3.7,1000898
899,弘爺漢堡 台南玉井店,2,17,4.0,1000899
900,自然味素食 素披薩,25,38,4.4,1000900
901,王記烤雞,66,29,3.5,1000901
902,鶯姊的店 南化美食 鈺鼎步道附近美食,34,8,4.4,1000902
903,玉井長壽屋素食,25,220,4.3,1000903
904,佳芳快餐,24,5,4.8,1000904
905,陽春麵店,6,228,4.3,1000905
906,臭豆腐,6,122,4.1,1000906
907,楊記佰元平價熱炒,9,125,4.2,1000907
908,雞蛋糕,6,4,5.0,1000908
909,Full Go府果手工冰淇淋,6,1,5.0,1000909
910,瑪莎園,6,981,4.1,1000910
911,巧思漢堡早午餐,2,13,4.4,1000911
912,晨光早午餐/早餐,23,25,4.4,1000912
913,新素健康素食,22,91,4.4,1000913
914,蒔柒鐵板燒,51,107,5.0,1000914
915,潮味決·湯滷專門店 台南新市分社,9,467,4.7,1000915
916,和味牛肉湯 新市店,6,71,4.2,1000916
917,上味魷魚羹,24,8,5.0,1000917
918,老陳牛肉麵新市店,3,326,4.4,1000918
919,小謝鱔魚意麵,9,3,5.0,1000919
920,胡椒黃,2,206,4.4,1000920
921,越南山蓮牛肉河粉(新市店),27,429,4.2,1000921
922,惹鍋南科店,21,4017,4.8,1000922
923,鮨 本味 台南無菜單料理/板前割烹料理,82,126,4.7,1000923
924,旺角居酒屋-熱炒 啤酒屋,83,65,4.6,1000924
925,一鴨2腿,24,67,4.3,1000925
926,素食薏仁粥,23,11,4.8,1000926
927,來呷飯川食堂-新市店,84,466,4.0,1000927
928,阿咪廚房,23,142,4.6,1000928
929,楠西無名麵糊蛋餅,2,17,4.7,1000929
930,好友小吃館,7,87,4.0,1000930
931,三媽臭臭鍋玉井店,6,167,3.6,1000931
932,玉天冰舖,16,35,4.3,1000932
933,茶步道 巷弄食堂 (玉井中華店）,9,23,3.7,1000933
934,小妹越南料理,44,4,4.8,1000934
935,阿國牛肉湯(高評分),6,403,4.6,1000935
936,津好自助餐便當專賣店,6,9,4.4,1000936
937,梅麗娟越南河粉,44,30,4.5,1000937
938,九叔公餐廳 （桶仔雞）,9,579,4.0,1000938
939,明哥烤雞,6,20,3.8,1000939
940,櫻桃烤鴨庄-玉井門市,9,13,3.8,1000940
941,玉光素食館,25,7,4.3,1000941
942,珍可味,3,3,5.0,1000942
943,八方雲集 台南玉井店,6,25,4.6,1000943
944,佳吉祥當歸鴨（台南玉井店）,6,15,3.6,1000944
945,(玉井)素食小館,22,11,4.4,1000945
946,滷滷咪(滷味、鹽酥雞),5,23,4.2,1000946
947,綠色空間,6,1382,4.0,1000947
948,樹屋蔬食,22,25,4.5,1000948
949,虎頭山老鄉長餐廳,6,223,4.2,1000949
950,魷魚焿、羊肉焿,6,26,4.2,1000950
951,大自然蛇肉全餐,6,16,4.9,1000951
952,早安美芝城早餐店,2,35,4.0,1000952
953,廣華養生藥膳-楠西場,6,4,5.0,1000953
954,美好一天早午餐,23,6,4.5,1000954
955,早點,2,2,5.0,1000955
956,東忠利商號,6,11,5.0,1000956
957,上賓生活美食,6,32,3.7,1000957
958,陳媽咪,6,1,4.0,1000958
959,無名早餐,2,1,4.0,1000959
960,Lomihan Sa Annan,85,11,4.9,1000960
961,玉泉餐廳（公休日看FB粉專，玉泉餐廳）,6,30,5.0,1000961
962,阿琪中式早午餐,23,55,4.1,1000962
963,小兔來了餐廳-新市總店 潛艇堡/熱狗堡/漢堡/刈包/義大利麵/下午茶/餐盒,6,207,4.8,1000963
964,宏春小館,9,4,4.5,1000964
965,小東門咖哩-台南新市店,79,515,4.6,1000965
966,炸雞大獅-台南新市店,12,151,5.0,1000966
967,台南蔡虱目魚專賣店新市店,38,1007,4.0,1000967
968,珍品手工水餃,9,5,4.2,1000968
969,彙真麵館,9,3,4.0,1000969
970,雙醬咖哩 - 新市店,79,58,4.4,1000970
971,新市阿雲烤鴨,48,10,5.0,1000971
972,大饌章魚小丸子,86,4,3.5,1000972
973,鍋湯滙24H(台南新市),21,406,3.9,1000973
974,ร้านคุณแม่ 泰媽媽泰式料理,52,71,4.7,1000974
975,柒樓餐廚空間,23,10,5.0,1000975
976,家作麵店,9,1,4.0,1000976
977,非店面薑母鴨,87,2,5.0,1000977
978,五鮮級鍋物專賣 台南新市店,21,1652,4.6,1000978
979,果農之家,6,1191,4.3,1000979
980,臺南楠西梅嶺楓采榆咖啡,6,85,4.4,1000980
981,妙元素食坊,22,112,4.4,1000981
982,梅嶺梅子雞本鋪,7,75,3.6,1000982
983,越南美食,27,1,5.0,1000983
984,太山梅子雞,9,369,4.4,1000984
985,天香園梅仔雞餐廳,6,203,4.3,1000985
986,森77黑白切小吃店,6,373,4.5,1000986
987,鄉味麵攤,9,5,4.2,1000987
988,空白餐館,6,221,4.8,1000988
989,米町廚房,6,215,4.1,1000989
990,蜜旺果玉井芒果乾,6,264,4.4,1000990
991,普陀素食,25,90,4.1,1000991
992,三千院,88,931,4.4,1000992
993,川劉陳碳烤鋼管雞,43,4,4.5,1000993
994,小歇冰舖簡餐咖啡廳,6,918,4.9,1000994
995,魔法森林景觀咖啡小餐館,64,1706,4.7,1000995
996,玉井和源麵館,6,62,4.2,1000996
997,景美是吉景觀咖啡餐廳,6,384,4.4,1000997
998,二層坪梅子雞,6,513,4.4,1000998
999,梅嶺野店食堂,18,136,4.9,1000999
1000,文川梅子雞城,6,2523,4.1,10001000
1001,大眾餐飲,6,249,4.1,10001001
1002,梅嶺。俊明的家,9,17,4.6,10001002
1003,青山山龍亭,6,1,5.0,10001003
1004,隱田山房,6,2593,4.4,10001004
1005,2031幸福包裝場,6,242,4.6,10001005
1006,梅嶺福來梅仔雞,9,1124,4.1,10001006
1007,披薩家族,60,1,5.0,10001007
1008,早安美芝城鹽水活力朝琴,2,34,4.5,10001008
1009,和緣日式料理 He-Yuan Japanese Cuisine,14,222,3.9,10001009
1010,白雪冰菓室,16,173,4.4,10001010
1011,爭鮮迴轉壽司-新營店,89,1195,3.9,10001011
1012,蓮城越南料理,27,351,4.0,10001012
1013,緣來一家小籠包、蒸餃、蘿蔔糕專賣店,9,139,4.8,10001013
1014,雙多火鍋店,21,176,4.6,10001014
1015,好朋友台越美食,27,7,4.9,10001015
1016,富林漢堡早餐專賣店,2,24,4.5,10001016
1017,龍鳳東大門韓國料理,53,1299,4.2,10001017
1018,朝司暮想 肉排蛋吐司 新營店,2,55,4.5,10001018
1019,蠔宅海鮮料理-鮮蚵吃到飽,66,56,4.8,10001019
1020,林 · 鹹米糕、排骨酥《原復興路》,9,23,4.1,10001020
1021,喬記北平烤鴨,36,71,4.6,10001021
1022,賀嘉屋,23,10,4.8,10001022
1023,鹽水朝琴路東方美,2,80,4.3,10001023
1024,讚不絕口風味小火鍋-新營店,21,104,4.2,10001024
1025,麥町吐司工房-台南鹽水,23,44,4.2,10001025
1026,新北涼麵 X 漫典手作美食,50,16,4.8,10001026
1027,溝邊生猛海鮮,20,120,4.0,10001027
1028,麥當勞-台南新營餐廳,12,3143,4.1,10001028
1029,松香素食早餐 水煎包,6,48,4.4,10001029
1030,士林廣東粥,37,59,4.2,10001030
1031,古早味燒餅,2,31,4.2,10001031
1032,食卉煖鍋,21,84,3.5,10001032
1033,錢樂日式涮涮鍋,21,197,4.0,10001033
1034,晨間廚房早午餐新營東興店/蛋餅/早餐/麵/新東國中附近,23,83,4.0,10001034
1035,八角樓當歸鴨,36,72,3.8,10001035
1036,早安早安早餐店,23,23,4.4,10001036
1037,樂檸漢堡 THEFREEN BURGER（台南國道北上新營門市）,12,901,4.2,10001037
1038,函本憶屋,26,38,4.9,10001038
1039,香香鹽酥雞,5,114,4.4,10001039
1040,台北羊肉.魷魚羹,3,79,4.2,10001040
1041,阿洲人蔘枸尾雞,21,548,4.4,10001041
1042,清珠布丁豆花,16,252,4.3,10001042
1043,蔡家香腸,26,122,4.2,10001043
1044,四海遊龍 新營店,35,205,4.0,10001044
1045,知味土魠魚焿,7,105,3.6,10001045
1046,麥當勞-新營家樂福餐廳,12,349,3.8,10001046
1047,傳香飯糰-中西式早餐,2,8,4.1,10001047
1048,松竹屋,82,88,4.0,10001048
1049,呷飽盒-中正店,23,13,3.6,10001049
1050,美e美早餐店,2,13,4.4,10001050
1051,懶的丼 · 鷄唐揚げ專賣,5,597,4.4,10001051
1052,客來堡活力早餐,2,47,4.6,10001052
1053,校長食館,9,43,4.4,10001053
1054,川果綠原,80,253,4.4,10001054
1055,初早餐新營店,2,9,4.6,10001055
1056,芳珍蔬食-新營民治店,25,55,4.4,10001056
1057,永茂豬頭飯,2,25,4.1,10001057
1058,紫妙素食,25,117,4.1,10001058
1059,蓮霧海產,20,17,4.7,10001059
1060,五井拉麵(新營店),67,389,3.7,10001060
1061,林家莊海鮮,20,115,3.9,10001061
1062,柒早日式早午餐 - 新營民治店,23,292,4.4,10001062
1063,八號有家烤魚,38,52,5.0,10001063
1064,藝鍋物-新營店,21,383,4.4,10001064
1065,潮味決．湯滷專門店 台南新營分社,9,69,4.3,10001065
1066,蔣家碗粿米糕,7,123,4.5,10001066
1067,自然族麵館,3,70,4.1,10001067
1068,三媽臭臭鍋鹽水店,21,138,3.6,10001068
1069,二板關東煮,26,14,4.3,10001069
1070,煎佐麻里蔥油餅（台南鹽水）,9,1,5.0,10001070
1071,後壁樹仔下菜尾湯,7,163,4.0,10001071
1072,巧巧堡早餐店,2,50,4.3,10001072
1073,新月義式蔬食,22,280,4.9,10001073
1074,R37宵夜,9,16,5.0,10001074
1075,無名草魚湯,9,3,5.0,10001075
1076,素食水煎包,2,6,5.0,10001076
1077,家鄉牛肉麵,3,174,3.8,10001077
1078,蛋餅大王,2,29,4.8,10001078
1079,呷鍋小火鍋,21,1077,4.4,10001079
1080,土產沙茶牛羊肉大王,24,25,4.0,10001080
1081,阿婆肉包,2,27,4.3,10001081
1082,鹽水 清香馨牛肉麵,3,350,4.5,10001082
1083,時代意麵,3,118,4.0,10001083
1084,HOME City 我的家義式餐廳,60,714,4.2,10001084
1085,阿月臭豆腐,24,21,5.0,10001085
1086,美而美-民治店,2,30,4.4,10001086
1087,省都川菜海鮮餐廳,84,596,4.3,10001087
1088,上好食堂,3,94,3.6,10001088
1089,阿蘭泰式,52,33,4.7,10001089
1090,小上海香酥雞,43,1,5.0,10001090
1091,鹽水夜市 賴家牛排,9,2,5.0,10001091
1092,阿妙意麵,7,1242,4.2,10001092
1093,倆姐妹越南小吃,6,53,4.1,10001093
1094,圓壽司,30,211,4.0,10001094
1095,鹽水阿莊牛肉麵,90,49,4.1,10001095
1096,早安山丘（鹽水店）,23,75,4.5,10001096
1097,婆媳鹽水意麵,3,441,4.9,10001097
1098,台灣奇雞 甕仔雞,43,171,4.0,10001098
1099,米軒壽司 Mi-Xuan Sushi House,30,228,4.4,10001099
1100,A Life 好.生活整合國際旅宿,87,80,5.0,10001100
1101,張記海產,20,82,4.7,10001101
1102,新營家鄉味麵食館,3,574,4.7,10001102
1103,泰碳吉小廚,52,170,3.8,10001103
1104,珍禾駕薑母鴨&臭薯條複合式炸物,6,10,5.0,10001104
1105,富林漢堡店,2,17,4.7,10001105
1106,鹽水炭烤,66,1,5.0,10001106
1107,黑輪豬血湯臭豆腐,2,6,4.5,10001107
1108,食光雞,91,11,4.9,10001108
1109,小米蛋餅,2,43,4.5,10001109
1110,香香美食坊 | 中式餐館 | 奶焗飯 炒烏龍,9,46,4.5,10001110
1111,洋城義大利餐廳-新營家樂福店,60,2742,4.8,10001111
1112,麥味登 鹽水北門店,23,36,3.7,10001112
1113,陽光休閑農場,43,2,4.5,10001113
1114,真好味意麵,6,160,4.2,10001114
1115,草魚湯,9,1,5.0,10001115
1116,洪老記牛肉麵（新營店）,3,91,3.6,10001116
1117,五鮮級鍋物專賣 新營民權店,21,1078,4.1,10001117
1118,（梅）順財肉丸,9,1,4.0,10001118
1119,土耳其餐酒館 Ayşe Turkish Restaurant,92,99,4.8,10001119
1120,醉月軒,6,190,4.0,10001120
1121,雪記粥品店,37,132,4.4,10001121
1122,度小月擔仔麵 中正旗艦店,7,2565,4.0,10001122
1123,食下有約 想法廚房-安平美食/安平餐廳/安平下午茶/台南美食/,93,341,3.9,10001123
1124,Hi！咖哩,79,211,3.9,10001124
1125,阿成製麵所（停業中）,69,218,4.7,10001125
1126,25弄居間,14,76,4.7,10001126
1127,南門牛肉麵,3,343,4.6,10001127
1128,燕喃水餃店,35,908,3.9,10001128
1129,極度乾冰（台南店）,94,59,5.0,10001129
1130,島和職人燒肉鍋物料理 台南旗艦店,54,250,4.7,10001130
1131,吃到堡早餐店,2,3,3.7,10001131
1132,三商巧福 南特門市,1,374,3.6,10001132
1133,小不點早餐店,6,84,4.4,10001133
1134,台南火鍋-老城門·台南火鍋推薦/台南必吃火鍋/台南安平美食,21,1931,4.5,10001134
1135,虫二 where café _ 週二週三固定公休,23,319,4.6,10001135
1136,街角早餐店,23,18,4.4,10001136
1137,がんこ 莞固和食 安平會館,88,102,4.4,10001137
1138,QQ堡早餐店,6,15,4.6,10001138
1139,和森鮓 日本料理/握壽司/丼飯/定食/燒物,95,1375,4.7,10001139
1140,吉香早餐店,2,30,4.7,10001140
1141,度小月擔仔麵 台南老店,7,3021,4.0,10001141
1142,吾庵食業-中西推薦咖哩飯|人氣咖哩|熱門咖哩|人氣餐廳|必吃咖哩|在地推薦餐廳,79,421,4.8,10001142
1143,74號早餐店,2,88,4.4,10001143
1144,無名早餐店,2,58,4.5,10001144
1145,雙好港式燒臘,9,208,4.1,10001145
1146,喧宵いざかや,15,523,4.4,10001146
1147,炒飯專家,7,811,4.3,10001147
1148,木匠炭火燒肉,54,550,3.8,10001148
1149,山也海鮮餐廳,6,117,4.3,10001149
1150,夏林海鮮炭燒,20,1491,4.0,10001150
1151,飲食客,6,813,4.4,10001151
1152,廟口清燉牛肉麵,3,575,4.1,10001152
1153,美美早餐店,2,13,4.3,10001153
1154,葉家小卷米粉,6,4660,4.2,10001154
1155,早餐屋早餐店,2,18,4.3,10001155
1156,太子宮早餐店,9,4,5.0,10001156
1157,新圓坊早餐店,23,3,4.7,10001157
1158,阿珍牛肉麵,6,51,4.2,10001158
1159,多多御膳早餐店,2,18,4.6,10001159
1160,海口海鮮餐廳,20,3096,4.3,10001160
1161,洋蔥咖哩工房,79,1346,4.3,10001161
1162,Miacucina 台南西門店,60,507,4.2,10001162
1163,理島 台南餐廳 美食 牛排 西餐 Restaurants,6,151,4.9,10001163
1164,幸福製造所 x 小覓秘,6,878,4.3,10001164
1165,味香牛肉麵,3,454,4.4,10001165
1166,毛房 蔥柚鍋 台南日式火鍋,21,5221,4.6,10001166
1167,活佛歐式素食餐廳,25,2327,4.3,10001167
1168,麥當勞-台南金華店,12,2309,4.0,10001168
1169,8818 Pizza Restaurant 比薩屋,45,2561,4.3,10001169
1170,心丼食堂-日本料理美食 壽司 丼飯外帶餐盒 公司企業機關團體便當(人氣必吃),6,504,4.2,10001170
1171,瑪哈印度餐廳Maharaja indian Restaurant,96,885,4.4,10001171
1172,沙卡里巴,7,1581,4.1,10001172
1173,星期五美式餐廳 台南新天地餐廳,97,1241,4.2,10001173
1174,NEST餐廳酒吧,52,1701,4.6,10001174
1175,東方美,2,22,4.5,10001175
1176,早安美芝城新營大同,2,56,4.4,10001176
1177,瘋狗堡新營總店,68,154,4.1,10001177
1178,福豆屋壽喜燒,4,917,4.1,10001178
1179,溢品順哥,84,112,4.2,10001179
1180,小西南早餐店,2,24,4.2,10001180
1181,早安美芝城新營正義,2,68,4.1,10001181
1182,宜華蛋餅（新營三民店）,2,97,3.9,10001182
1183,生活滿點早餐店,2,22,5.0,10001183
1184,早安美芝城六甲中正,2,45,4.5,10001184
1185,香夫子牛肉麵,1,580,4.1,10001185
1186,上慈素食便當、海苔飯捲、拉麵,22,143,4.6,10001186
1187,丸堡肉蛋堡專賣店,62,24,4.9,10001187
1188,福味炒飯鍋燒,24,89,4.3,10001188
1189,得意中華東山鴨頭 - 東山服務區,98,142,3.6,10001189
1190,麻吉鹹水雞&麻辣雞,87,30,4.6,10001190
1191,麥當勞-台南新光三越二餐廳,12,127,3.5,10001191
1192,黃金屋早餐店,2,14,4.4,10001192
1193,燒肉工廠 台南旗艦店,54,1924,3.9,10001193
1194,Dumplings restaurant,6,2,4.0,10001194
1195,麥當勞-台南裕農店,12,2531,4.0,10001195
1196,烤杯日式燒烤,99,261,4.2,10001196
1197,雅芳早餐店,2,46,4.5,10001197
1198,上崙早餐店,2,1018,4.4,10001198
1199,每朝早餐店,2,97,4.2,10001199
1200,家禾便當柳營店,23,16,4.4,10001200
1201,家福川菜館,84,450,4.0,10001201
1202,高興手工水餃煎餃專賣店,35,51,3.8,10001202
1203,口福羊肉店台南六甲店,21,873,3.9,10001203
1204,柳營味亦美早餐連鎖專賣店,2,53,4.4,10001204
1205,黑輪將,26,1688,4.4,10001205
1206,高媽媽早餐店,2,48,4.7,10001206
1207,唐媽媽早餐店,2,55,4.6,10001207
1208,小方舟串燒酒場 台南居酒屋,15,3963,4.6,10001208
1209,自由路二段早餐店(古早味粉漿蛋餅.鍋燒意麵.肉燥飯.豆漿.小肉豆.肉粽.碗粿),2,105,3.8,10001209
1210,肉粽早餐店,6,80,4.3,10001210
1211,三商巧福 仁德門市,3,594,3.9,10001211
1212,萬客樓WAN KE LOU 餐館,3,3835,3.9,10001212
1213,苷簞蔬食-裕農總店,22,327,4.6,10001213
1214,晨翔早餐店,6,21,3.9,10001214
1215,韓朝 崇明店,53,1146,4.0,10001215
1216,長春健康素食中華店,22,692,4.0,10001216
1217,鹽水意麵,9,6,4.5,10001217
1218,禾來草魚粥,37,157,4.0,10001218
1219,派蒂漢堡六甲店,23,97,4.3,10001219
1220,上品素食,22,168,4.5,10001220
1221,金嗷早西式早午餐,23,87,3.8,10001221
1222,林家麵店,1,46,4.5,10001222
1223,山仔腳無名麵店-歡喜來見麵,1,128,4.3,10001223
1224,舞壽司美味專賣（ 最晚收客時間19點40❤️） 台南美食台南日本料理 台南日式料理 台南必吃 南區美食南區壽司,6,3142,4.7,10001224
1225,里定食居酒屋,15,301,3.9,10001225
1226,早餐店(古早味),2,70,4.6,10001226
1227,文華早餐店,23,16,4.1,10001227
1228,日寧餐廳 - 泰式料理,6,626,4.9,10001228
1229,開元路當歸鴨,3,1,4.0,10001229
1230,漫步維根 Vegan kitchen （即日起平日提供晚餐預訂餐盒）,22,734,4.7,10001230
1231,屯京拉麵 南紡店,67,1010,4.3,10001231
1232,柳營福伯豆菜麵,9,3,4.3,10001232
1233,盈家自助餐,6,10,4.6,10001233
1234,太康壹壹參,6,49,4.4,10001234
1235,周氏蝦捲-台南東山休息站店,7,115,4.0,10001235
1236,小腳腿美而美漢堡店,2,10,3.7,10001236
1237,施媽媽早餐坊,2,22,4.6,10001237
1238,春美の店,6,21,4.6,10001238
1239,喜椪比利時鬆餅,6,3,4.3,10001239
1240,包阿嬤的灶腳,6,46,3.9,10001240
1241,烤友社,6,109,4.7,10001241
1242,真愛健康養生館,6,6,3.5,10001242
1243,東山聖賢國小碗粿,2,4,4.8,10001243
1244,肯得利香雞排小腳腿店,6,27,4.5,10001244
1245,東港漁鄉(東山服務區),6,18,3.7,10001245
1246,太康食堂,9,381,4.8,10001246
1247,尖山埤宴會廳,6,15,4.4,10001247
1248,小古巴 手作漢堡,100,1470,4.7,10001248
1249,集雅朵法式餐廳,101,266,4.4,10001249
1250,咕嚕家庭料理館,31,1036,4.3,10001250
1251,美又堡早餐店,2,57,4.7,10001251
1252,麥當勞(台南西門店),12,2358,3.8,10001252
1253,印度皇宮Indian Palace(南紡店),13,986,4.4,10001253
1254,(台糖長榮酒店)長園中餐廳,9,629,4.3,10001254
1255,大峽谷優美山莊,6,58,4.0,10001255
1256,忘憂谷,6,106,4.2,10001256
1257,廚房有雞花雕雞中華總店,9,3476,4.6,10001257
1258,單賣共和國,93,493,4.7,10001258
1259,果毅大漢堡,2,4,4.3,10001259
1260,早安美加美,2,2,5.0,10001260
1261,桂華園,9,44,3.9,10001261
1262,一品香漢堡,23,2,5.0,10001262
1263,小腳腿羊肉店,7,981,4.3,10001263
1264,手信坊 東山服務區,6,12,3.6,10001264
1265,阿珠雞肉飯,7,158,4.4,10001265
1266,台灣第一家,6,2,5.0,10001266
1267,六六雅舖,6,8,4.9,10001267
1268,台灣杉大腸蔥味香腸,26,12,4.6,10001268
1269,阿榮師蚵嗲,6,113,4.9,10001269
1270,東山區枋子林麵攤,3,1,4.0,10001270
1271,小食堂,9,13,4.6,10001271
1272,楊媽媽自助餐便當,6,6,5.0,10001272
1273,葉燕的店,17,1,4.0,10001273
1274,阿津豆菜麵,6,3,4.7,10001274
1275,越南河內美食,27,39,4.8,10001275
1276,台南柳營露水雞,6,899,4.0,10001276
1277,爭鮮 gogo 東山店,30,60,4.0,10001277
1278,好食雞土雞城 虎頭蜂雞湯,6,14,4.9,10001278
1279,烏司答土耳其居家香料料理餐廳,92,805,4.4,10001279
1280,南化廣式鮮肉包,2,8,4.4,10001280
1281,田季發爺燒肉 台南中華店,99,4384,4.5,10001281
1282,肯德基 台南東門餐廳,12,2038,3.9,10001282
1283,麥當勞-台南仁德店,12,2063,4.0,10001283
1284,南化早餐店蟹堡王,2,14,4.6,10001284
1285,麥當勞-台南健康店,12,1646,4.0,10001285
1286,台3線387小館,7,75,4.6,10001286
1287,zoomos 日勿墨食,102,538,4.3,10001287
1288,Ciao Bella,60,451,4.3,10001288
1289,金帝元薑母鴨羊肉爐,21,130,4.2,10001289
1290,台南傳奇酒吧 Legends Tainan,32,420,4.3,10001290
1291,鐘 土雞閹雞,43,4,4.8,10001291
1292,唯旬,14,462,4.4,10001292
1293,皇聖食堂,87,383,4.3,10001293
1294,路易家素食章魚燒,25,61,4.8,10001294
1295,花燒肉 • 個人燒肉 | 善化店,54,268,4.6,10001295
1296,禾居酒屋,15,56,4.0,10001296
1297,那個年代杏仁豆腐冰（善化店）,16,179,4.2,10001297
1298,阿珠姨滷肉飯,24,707,4.7,10001298
1299,帝王食補 善化店,21,129,4.1,10001299
1300,麵家壹霖丸らーめん,67,440,4.5,10001300
1301,米果早餐Bar,2,7,4.7,10001301
1302,六分寮豆菜麵,2,127,4.4,10001302
1303,伊達炭火燒肉,54,182,3.9,10001303
1304,双赫日式拉麵,67,555,4.2,10001304
1305,黑毛屋 台南三井店,21,128,4.0,10001305
1306,麥味登 高鐵發發店MWD Cafe & Brunch,23,69,4.3,10001306
1307,乾杯燒肉居酒屋 台南三井店,54,461,4.2,10001307
1308,早安美芝城歸仁大潭,2,69,4.3,10001308
1309,十二月 粥品 • 茶飲 • 私房菜｜台南三井店,9,318,4.1,10001309
1310,小麥精緻早午餐(大潭國小旁),2,116,3.9,10001310
1311,京都柚子豚骨拉麵研究中心-台南三井店,67,1136,4.1,10001311
1312,友好鹽酥雞,5,136,4.3,10001312
1313,NARA Thai Cuisine 泰式料理 台南三井店,52,698,4.2,10001313
1314,壽喜屋複合式餐飲,72,686,3.9,10001314
1315,阿春土產牛肉,36,494,3.9,10001315
1316,新松子日本料理,82,1674,4.1,10001316
1317,爭鮮迴轉壽司-佳里大潤發店,89,475,4.1,10001317
1318,賀串燒,59,199,4.5,10001318
1319,翔美雪花冰｜鍋燒意麵｜麻豆美食 ｜ 30年老店,6,446,4.3,10001319
1320,早安美芝城善化光復,2,51,3.7,10001320
1321,碳金箼,54,332,4.0,10001321
1322,豚軒拉麵,67,316,4.5,10001322
1323,麻豆同學黑輪,26,249,4.5,10001323
1324,康情涼麵,50,495,4.2,10001324
1325,禾佳素食,22,158,4.2,10001325
1326,早安美芝城善化活力中山,2,106,3.8,10001326
1327,好口味廣東粥,37,283,3.6,10001327
1328,麥基香雞排,5,435,3.9,10001328
1329,OM雞 鹹酥雞 （每週一 16:00營業開始）,5,77,4.4,10001329
1330,佶塔餐飲連鎖,2,13,4.9,10001330
1331,老外的壽司善化店(停更內容.僅FB更新),30,185,3.8,10001331
1332,麥味登 善化成功店,2,86,4.0,10001332
1333,妙蓮素食,25,22,4.9,10001333
1334,善化 全國塩酥雞,5,45,4.4,10001334
1335,思犇牛排善化店,32,128,4.8,10001335
1336,櫻桃和風洋食,103,58,3.7,10001336
1337,早安山丘-善化忠孝店,23,245,3.7,10001337
1338,麻辣天后炒香鍋-善化民權店,9,265,4.5,10001338
1339,晨間廚房早午餐善化中山店/蛋餅/早餐/麵/善化區衛生所,23,216,3.7,10001339
1340,菜瓜棚,20,722,3.8,10001340
1341,麥味登早午餐善化中山店,23,166,4.1,10001341
1342,春天手作包子,2,60,4.8,10001342
1343,Mochi Mochi 鬆餅屋 - 台南三井 Outlet 店,64,1061,4.6,10001343
1344,上海小籠湯包,35,123,4.3,10001344
1345,合點壽司 がってん寿司 台南三井店,89,1062,4.2,10001345
1346,伊勢路勝勢日式豬排 台南三井店,72,230,4.1,10001346
1347,橫濱牛排 台南三井店,61,701,3.9,10001347
1348,大翔燒臘,36,370,4.3,10001348
1349,晨光早午餐,2,19,4.2,10001349
1350,茶餘飯後 大潭長榮店（一飲茶）,9,8,4.5,10001350
1351,林聰明砂鍋魚頭 台南三井店,9,494,3.6,10001351
1352,弘爺漢堡（歸仁長大店-長榮大學）,23,55,3.7,10001352
1353,徠 台灣新知味 台南三井店,7,506,4.3,10001353
1354,東角早餐店,2,16,4.4,10001354
1355,洪記現炒-五柳枝｜逾60年在地店家,9,125,4.0,10001355
1356,九湯屋-麻豆店,67,210,4.1,10001356
1357,安定東方美,2,15,4.7,10001357
1358,松淵日式涮涮鍋,33,989,4.2,10001358
1359,小夜食堂 - 麻豆民族店,79,21,4.7,10001359
1360,香夫子牛肉麵,6,53,4.2,10001360
1361,老外的壽司,30,92,4.2,10001361
1362,喬&moon,23,88,5.0,10001362
1363,食光宴鐵板料理｜台南無菜單料理 台南美食約會餐廳推薦,51,630,4.9,10001363
1364,鮮喫粥,24,401,4.2,10001364
1365,福慧臭豆腐,47,105,4.6,10001365
1366,善化東方美早餐店（火車站前）,2,74,4.3,10001366
1367,孫小胖碗粿,12,5,4.6,10001367
1368,八饌櫻桃鴨活鰻海鮮料理,24,29,4.8,10001368
1369,田園麵食館,3,94,4.2,10001369
1370,八廚職人弁當(台南善化店),9,42,4.2,10001370
1371,早安美芝城善化活力大成,2,79,4.2,10001371
1372,虹橋港式飲茶,104,596,4.2,10001372
1373,豆先生傳統豆花,16,322,4.4,10001373
1374,早安美芝城六分寮-芝,2,29,3.7,10001374
1375,惠比壽串炸販賣所,14,41,4.8,10001375
1376,半瓶水,24,8,5.0,10001376
1377,好口福石頭火鍋,21,355,4.5,10001377
1378,土產牛肉,36,447,4.2,10001378
1379,繼光香香雞-台南三井專櫃,12,600,4.8,10001379
1380,善化鍋就好臭臭鍋,21,381,3.6,10001380
1381,活力早餐,2,70,4.4,10001381
1382,Suage 北海道湯咖哩 台南三井店,79,308,4.2,10001382
1383,薄多義Bite 2 Eat 義式手工披薩-台南三井店,60,415,4.1,10001383
1384,想想咖哩 - 台南三井Outlet店,9,731,4.3,10001384
1385,阿祥餐車 手作早餐專賣🥪（店面）Since 1998,2,32,4.9,10001385
1386,阿姨的店,6,98,4.3,10001386
1387,元氣早餐屋,2,42,4.6,10001387
1388,阿蜜家廚料理,87,757,4.2,10001388
1389,妙音素食,25,256,4.5,10001389
1390,福隆佳宴餐廳(麻豆),6,1230,3.8,10001390
1391,西港 韓屋村,12,1,5.0,10001391
1392,牛家莊牛肉麵,3,96,4.0,10001392
1393,我媽媽的 芋頭粥 南瓜粥,2,2,5.0,10001393
1394,後營客來堡早餐店,2,17,4.5,10001394
1395,好家綠豆湯,16,54,4.1,10001395
1396,劉媽媽美濃粄條,105,49,4.7,10001396
1397,矮仔李碗粿,2,14,4.1,10001397
1398,品菓芝Good Jus,23,5,5.0,10001398
1399,彰阿海產快炒,20,178,4.3,10001399
1400,粥公公 粥品| 鍋燒| 燴飯,7,1,5.0,10001400
1401,集可吉早餐麻豆店,2,18,4.7,10001401
1402,大埔鐵板燒 善化店,51,640,3.8,10001402
1403,鍋上義煮,60,5,4.8,10001403
1404,元氣早午餐（善化中山店）,2,41,4.1,10001404
1405,崛日餐廳，手作創意料理,6,270,4.3,10001405
1406,媽媽的越南美食,44,296,4.2,10001406
1407,焱炸雞善化店,12,30,3.9,10001407
1408,CC麻辣館,84,133,4.8,10001408
1409,泰味食足A Taste of Thailand,52,1241,4.0,10001409
1410,三媽臭臭鍋 善化店,21,418,3.6,10001410
1411,早安！大家好早餐店,2,4,3.8,10001411
1412,潮味決·湯滷專門店 台南善化分社,9,47,4.0,10001412
1413,餉弄,23,337,4.0,10001413
1414,善化虱目魚粥專賣店,37,115,4.2,10001414
1415,忞心食堂,24,73,4.2,10001415
1416,大窩與小宅義式餐廳-大窩店,60,769,4.0,10001416
1417,2829好食光,23,38,4.8,10001417
1418,居久創意壽司,30,157,4.4,10001418
1419,A SHA MITSUI OUTLET PARK 台南店,7,448,3.9,10001419
1420,爭鮮迴轉壽司 台南高鐵店,89,404,3.7,10001420
1421,MITSUI OUTLET PARK台南 繼光香香雞,43,33,4.9,10001421
1422,雞三和 台南三井店,14,98,3.9,10001422
1423,涮乃葉 台南三井店,33,288,4.2,10001423
1424,上好吃,6,56,3.7,10001424
1425,蒜頭飯,7,1388,4.2,10001425
1426,橫菁料理,66,1109,4.9,10001426
1427,金子半之助-台南三井店,106,530,4.5,10001427
1428,大潭關東煮,6,68,4.3,10001428
1429,柴可夫撕雞,43,25,4.7,10001429
1430,京都勝牛-台南三井店,14,547,4.1,10001430
1431,興國早餐店,2,169,4.5,10001431
1432,慈光烏橋牛肉麵,3,891,4.3,10001432
1433,莊記鹽酥雞,5,8,4.3,10001433
1434,念麵飯食館,9,10,4.4,10001434
1435,祥-豆乳雞翅（原 國宅夜市 總店）,5,5,5.0,10001435
1436,滿足複合式早餐,2,14,3.6,10001436
1437,三鮮台海鮮平價料理,20,1653,4.2,10001437
1438,原野秧-野餐輕食,64,5,4.2,10001438
1439,西港小軒便當店,57,10,4.3,10001439
1440,弘爺漢堡,2,10,4.2,10001440
1441,品銘火雞肉飯,7,40,4.8,10001441
1442,秀玉漢堡店,2,9,4.4,10001442
1443,裕益碗粿王,9,973,4.0,10001443
1444,巷口廚房,2,83,4.5,10001444
1445,初·早餐,2,7,3.7,10001445
1446,馬祖葱油餅善化店,23,2,5.0,10001446
1447,菩提澄園庇護工場-澄食蔬園餐廳,25,158,4.4,10001447
1448,鬍鬚曾臭豆腐,9,2,5.0,10001448
1449,258牛肉湯,7,796,3.9,10001449
1450,幾丸溫體羊肉,9,62,3.9,10001450
1451,MEGOPUN Hamburger-善化總店,62,439,4.5,10001451
1452,連長牛肉麵,3,447,4.1,10001452
1453,爭鮮迴轉壽司-善化店,89,633,3.6,10001453
1454,藝鍋物-善化店,21,764,4.5,10001454
1455,一六八鮮食本舖,24,1,5.0,10001455
1456,LA時尚川菜│善化店,84,1137,4.5,10001456
1457,老匠牛肉麵,3,229,4.4,10001457
1458,玏食-善化早午餐/善化美食/善化特色餐廳/善化必吃/善化餐廳/台南美食/台南必吃/台南早午餐,23,536,4.6,10001458
1459,新中鱉大王,107,44,3.8,10001459
1460,食光宴鐵板料理停車場,51,3,5.0,10001460
1461,恩廚飲食,79,2,5.0,10001461
1462,日和壽司 sushi（全品項供應中）,30,211,4.6,10001462
1463,阿里印度廚房-善化店（清真）,13,45,4.3,10001463
1464,旺萊蔬食,25,17,4.8,10001464
1465,余佳抓餅,9,3,5.0,10001465
1466,狀元李虱目魚專門店-台南善化店,7,473,4.0,10001466
1467,青松會客菜,24,25,4.4,10001467
1468,摩斯漢堡 高鐵台南店,6,601,3.5,10001468
1469,一風堂台南高鐵店,67,398,3.7,10001469
1470,西港菜粽-蓮華素食,25,113,4.4,10001470
1471,龍園自助碳烤,66,61,4.4,10001471
1472,大吉利來客多牛排館-西港店,61,8,4.6,10001472
1473,王家百年麵店,3,229,4.2,10001473
1474,早安山丘-安定店,23,81,3.8,10001474
1475,御膳坊便當,9,3,5.0,10001475
1476,港品𩵚魠魚焿-西港店,9,4,4.8,10001476
1477,西港菜市場無名古早味蛋餅,2,53,4.4,10001477
1478,食弎早午餐Brunch,23,11,4.8,10001478
1479,立緹餐廳,87,867,4.1,10001479
1480,西港-延平豆漿,2,5,4.6,10001480
1481,吉品鐵板燒台南善化,51,472,4.0,10001481
1482,享糊牛肉麵,3,239,4.8,10001482
1483,鐤富弁當,9,9,4.6,10001483
1484,小南香雞腿便當店西港店,9,32,4.3,10001484
1485,微笑晨食早午餐,23,85,4.5,10001485
1486,李媽媽古早味,24,6,5.0,10001486
1487,佳鑫小吃,9,2,4.0,10001487
1488,傻師傅湯包-善化文昌店,6,4,4.8,10001488
1489,NU PASTA 台南善化店-善化美食｜義大利麵｜焗烤｜聚餐餐廳｜平價美食｜推薦餐廳,60,400,3.5,10001489
1490,ToGo 吐司 三明治,2,1,5.0,10001490
1491,芳昇素食早餐,9,1,5.0,10001491
1492,壩頭關東煮&米糕,26,331,3.6,10001492
1493,Prototype Pizza 原型手作披薩,6,79,4.8,10001493
1494,晨間廚房,23,60,3.9,10001494
1495,憶嫺鮮魚湯,9,217,4.1,10001495
1496,伍佰會客菜,6,11,4.0,10001496
1497,台灣楊雞,5,459,4.1,10001497
1498,素法國麵包,25,1,5.0,10001498
1499,大碗公,6,103,4.4,10001499
1500,四妹雞腿飯,9,16,4.0,10001500
1501,西港烤雞油雞,43,32,4.8,10001501
1502,樂雅樂餐廳 台南高鐵店,31,387,3.9,10001502
1503,飄香麵店,9,3,4.0,10001503
1504,理善蔬食坊,22,519,4.4,10001504
1505,麻豆口早點,2,9,5.0,10001505
1506,海之星海產,6,180,4.0,10001506
1507,早安山丘 - 西港店,2,119,3.8,10001507
1508,幸福早餐,2,4,4.3,10001508
1509,富安龜鹿藥膳,9,2,4.5,10001509
1510,胖哥香腸黑輪攤,66,9,5.0,10001510
1511,南方•櫃 咖啡簡排餐調酒,6,48,4.8,10001511
1512,胡厝寮豆菜麵,2,13,4.8,10001512
1513,麵麵俱到,3,25,3.8,10001513
1514,無名早餐,2,4,5.0,10001514
1515,老胡臭豆腐,9,6,5.0,10001515
1516,素之包,22,9,5.0,10001516
1517,雞然炸雞西港店,5,31,4.7,10001517
1518,肥羊莊,3,13,3.5,10001518
1519,柚子的家,6,15,4.3,10001519
1520,元味早餐,2,8,4.9,10001520
1521,品好薑母鴨,7,13,3.9,10001521
1522,懷古牛排,61,27,4.3,10001522
1523,清香園平價山海產,7,268,4.2,10001523
1524,肉餅香~永和豆漿,2,10,5.0,10001524
1525,龍元素食自助餐,6,28,4.0,10001525
1526,合十美而美早餐店,2,37,4.3,10001526
1527,食讚坊（手工燒餅包子饅頭）,9,36,4.3,10001527
1528,早安美芝城隆田活力文化,2,51,3.5,10001528
1529,洪昌麻辣鴛鴦火鍋hong chang spicy hot pot,21,1327,4.4,10001529
1530,八方雲集 台南六甲店,35,188,3.8,10001530
1531,隆田美亨堡早餐店,2,36,4.1,10001531
1532,中營ㄚ嘉草魚湯,6,3,5.0,10001532
1533,早安美芝城麻豆活力總爺,2,122,3.6,10001533
1534,尚好ㄟ菱角,25,2,5.0,10001534
1535,沈師傅-湯包店,35,9,5.0,10001535
1536,愛媽廚房,108,398,4.3,10001536
1537,黃阿鳳燻茶鵝,6,70,4.6,10001537
1538,宜華蛋餅（南市六甲店）,2,57,4.2,10001538
1539,巧味小吃店,57,1,5.0,10001539
1540,綠格子飲食生活館,6,240,4.1,10001540
1541,胡厝古早粿（素食）,25,1,5.0,10001541
1542,上榮新疆烤肉六甲店/燒烤/串燒/宵夜/烤肉/六甲夜市/六甲美食/六甲串燒,66,14,4.3,10001542
1543,阿原碗粿&米糕,2,35,4.8,10001543
1544,ㄧㄚㄧㄚ炸魷魚vs雞蛋糕,6,1,4.0,10001544
1545,三人行自助火鍋,21,484,4.1,10001545
1546,半個鍋-個人火烤兩吃鍋物-台南新營店,21,829,4.2,10001546
1547,荳荳紅豆餅,16,42,4.5,10001547
1548,永浤牛肉湯,6,573,4.2,10001548
1549,卍 萬品香素食館 卍,22,46,4.2,10001549
1550,妙恩素食,25,12,4.3,10001550
1551,娜個餡餅,87,38,5.0,10001551
1552,真善美早餐店(台南市六甲區信義街)109.01.01,23,9,4.6,10001552
1553,如意園素食自助餐,25,46,4.1,10001553
1554,丼丼嘴,72,13,4.0,10001554
1555,台灣第一家鹹酥雞-二鎮店,5,35,4.7,10001555
1556,蒸味坊,23,10,4.5,10001556
1557,炸遍高手（原六甲國中前雞大師）,12,4,5.0,10001557
1558,早安美芝城-中營店,2,30,4.3,10001558
1559,郵局旁無名碗粿/肉粽,7,7,4.1,10001559
1560,蔬菜餅,2,12,4.7,10001560
1561,好吃抓餅,23,4,5.0,10001561
1562,六甲麥卡多早餐店,2,78,4.5,10001562
1563,牛之屋 牛肉清湯,7,173,4.4,10001563
1564,斈齋坊,25,1,5.0,10001564
1565,綠蔬食,25,88,4.4,10001565
1566,早安美芝城下營活力中山,2,28,4.4,10001566
1567,鞍心食堂,90,6,5.0,10001567
1568,初八拉麵新營店,67,566,4.4,10001568
1569,黑店廣式燒臘店,104,11,4.0,10001569
1570,好佳塩酥雞,9,3,4.3,10001570
1571,五花馬水餃館 台南新營門市,35,613,3.7,10001571
1572,阿生牛肉湯,9,667,3.8,10001572
1573,阿勇仔水煎包,2,91,4.3,10001573
1574,南紙街無名早餐店,2,136,4.3,10001574
1575,進祿飲食店,7,179,4.1,10001575
1576,莎娃低卡泰式小吃,52,13,4.8,10001576
1577,下營飯丸-六甲店,9,4,4.8,10001577
1578,二鎮關東煮（每週二公休）,26,7,5.0,10001578
1579,大眾自助餐,6,187,4.0,10001579
1580,阿原碗粿,2,7,4.9,10001580
1581,白玉肉圓官田二鎮店,12,6,4.7,10001581
1582,皮蛋瘦肉粥,2,7,4.9,10001582
1583,Mr.Mao早午餐,23,121,4.3,10001583
1584,吳家紅茶（官田二鎮店）,6,22,4.3,10001584
1585,豆花路邊攤推車,16,25,4.9,10001585
1586,綵珍素食早餐,25,6,4.7,10001586
1587,慈恩素食,25,1,5.0,10001587
1588,台南買記鍋燒意麵,3,633,4.7,10001588
1589,八方雲集 (台南隆田店),35,84,4.1,10001589
1590,美食廣場-阿進肉燥飯,9,20,4.6,10001590
1591,大姊頭麵店,6,163,4.2,10001591
1592,寮子廍早餐,2,3,4.7,10001592
1593,勇仔薑母鴨,21,55,4.6,10001593
1594,公所水煎包,2,14,5.0,10001594
1595,鐘家薑母鴨,21,512,4.5,10001595
1596,老牌子麻豆碗粿,6,31,4.5,10001596
1597,老地方食堂,9,12,4.3,10001597
1598,貝莉精緻早午餐Berry,23,32,4.6,10001598
1599,湘茶&王來雞蛋糕,6,4,5.0,10001599
1600,泰邦泰式料理,52,470,4.2,10001600
1601,馥馨簡餐店,6,110,4.4,10001601
1602,菊園壽司,30,227,4.3,10001602
1603,快樂早午餐,23,9,5.0,10001603
1604,駱駝咖啡・簡餐,6,356,4.0,10001604
1605,呈品味 台越美食,27,12,5.0,10001605
1606,好品鍋燒意麵,7,74,4.2,10001606
1607,阿蘭麵食,9,7,5.0,10001607
1608,烏山頭情義相挺磚窯雞,43,199,4.3,10001608
1609,藝鍋物-六甲店,21,221,4.4,10001609
1610,隆田三皆漢堡店,23,9,4.4,10001610
1611,佳品美食,7,234,4.4,10001611
1612,（週日）小籠湯包/（週六）手工熱豆花,2,1,5.0,10001612
1613,六甲傳統蛋餅,2,36,4.4,10001613
1614,東方美（官田店）,2,3,3.7,10001614
1615,食光杯台南麻豆店,109,57,4.7,10001615
1616,小城小吃店,6,33,4.1,10001616
1617,小莊越南料理館,27,209,4.1,10001617
1618,巧沛東方美,2,5,4.2,10001618
1619,阿義小籠包 • 小米蛋餅專賣,2,42,3.9,10001619
1620,阿麟海產,20,83,4.3,10001620
1621,幸福巨峰葡萄農場,6,8,4.6,10001621
1622,太子宮魚粥店,37,354,4.2,10001622
1623,口福小吃店,6,74,4.2,10001623
1624,全記香雞排,5,3,5.0,10001624
1625,阿亮鴨肉,9,101,4.4,10001625
1626,阿琴素食早餐,2,3,5.0,10001626
1627,老施牛肉麵,3,296,4.0,10001627
1628,好客 香菇肉羹,23,8,5.0,10001628
1629,香香食堂/香香花園,6,3,4.7,10001629
1630,阿娥鴨肉羹,110,5,5.0,10001630
1631,太子宮 美而美早餐店,2,37,4.0,10001631
1632,早安美芝城,2,8,3.6,10001632
1633,鹹蘇雞,5,20,4.8,10001633
1634,活力早餐屋,23,22,4.1,10001634
1635,幸福食堂,9,7,4.3,10001635
1636,鹽酥雞,5,29,4.6,10001636
1637,小皮台越料理,17,8,4.3,10001637
1638,麻辣滷，滷麻辣,6,12,4.9,10001638
1639,華記麵店,110,30,4.5,10001639
1640,味亦美,2,1,5.0,10001640
1641,六甲草魚湯,38,37,4.3,10001641
1642,QQ美式炸雞-六甲中華店,6,36,4.8,10001642
1643,庭園海鮮熱炒大排檔,9,5,4.6,10001643
1644,黑皮小吃,6,11,4.4,10001644
1645,宜佳美中西早餐店,2,7,4.7,10001645
1646,三媽臭臭鍋（隆田店）,21,208,4.1,10001646
1647,阿枝の店,7,34,4.4,10001647
1648,水伯早餐,2,1,4.0,10001648
1649,里來現炒,6,28,4.3,10001649
1650,三好臭臭鍋,21,30,4.3,10001650
1651,品香台南擔仔麵,6,74,4.4,10001651
1652,濃咖哩Bar,6,172,4.7,10001652
1653,美福堡早餐店/新營早餐店/太子宮早餐/新營區早點/鹽水早餐店課,2,10,4.4,10001653
1654,好香素食早午餐,6,4,5.0,10001654
1655,阿雀姨上好便當店,57,2,5.0,10001655
1656,關東煮,26,3,4.3,10001656
1657,新營太子宮香客餐廳,6,16,4.3,10001657
1658,阿力-香雞排-鹽酥雞,9,10,4.9,10001658
1659,北平烤鴨,6,5,4.2,10001659
1660,下營田媽媽鵝鄉園餐廳,6,1638,4.1,10001660
1661,學甲寮活力早餐,2,16,4.8,10001661
1662,饗贊快餐,6,1,4.0,10001662
1663,太子宮美食,6,61,4.1,10001663
1664,香鄉山海產,6,30,4.0,10001664
1665,大刈包,9,1,5.0,10001665
1666,櫻-砂鍋魚頭,31,13,4.8,10001666
1667,漢堡大師,6,19,4.3,10001667
1668,無名羊肉,6,30,4.1,10001668
1669,麵公坊,6,195,4.5,10001669
1670,自製豆花,6,1,5.0,10001670
1671,富晟餐飲,6,6,3.7,10001671
1672,予菓早餐店,2,1,5.0,10001672
1673,阿滿姨麵店,9,3,4.7,10001673
1674,快閃餐車,2,1,5.0,10001674
1675,無名麵店,9,2,4.0,10001675
1676,鴨肉羹,24,6,5.0,10001676
1677,風味美食,6,11,4.6,10001677
1678,阿彬大腸花枝綜合麵線,2,5,5.0,10001678
1679,學甲曾家 虱目魚專賣,9,4,5.0,10001679
1680,午食·早午餐,23,11,3.8,10001680
1681,小吃店,6,4,5.0,10001681
1682,雙寶快餐,57,1,5.0,10001682
1683,六甲牛排大王,61,36,4.6,10001683
1684,美味堡,2,39,4.2,10001684
1685,劉妹鍋燒意麵(大通總店),9,391,4.3,10001685
1686,八方雲集 (台南歸仁店),35,301,3.9,10001686
1687,巧沛東方美早餐,2,26,4.6,10001687
1688,明昌米行,111,10,4.9,10001688
1689,安村小吃,70,1,5.0,10001689
1690,楊家麵攤,98,2,5.0,10001690
1691,RoRo Box 直火燒烤餐盒,48,2,5.0,10001691
1692,珍味鮮魚食堂,38,39,4.1,10001692
1693,晨間廚房早午餐歸仁全滿店,23,102,3.8,10001693
1694,DiDi和風食堂-歸仁店,112,32,4.8,10001694
1695,松仔腳(阿發)黃金水餃,35,685,4.2,10001695
1696,元肉燥飯,23,69,4.2,10001696
1697,嘉昌土雞肉飯舖-關廟店,43,18,4.1,10001697
1698,達美樂披薩 歸仁店,45,165,4.2,10001698
1699,天心坊湯包-歸仁店,113,5,4.8,10001699
1700,早安美芝城關廟活力文衡,23,133,3.6,10001700
1701,早安美芝城歸仁國中,2,81,4.2,10001701
1702,郭家菜粽肉粽碗粿,2,67,4.2,10001702
1703,千香漢堡 關廟南雄店,2,48,4.0,10001703
1704,家星極獨門鍋物,21,460,4.9,10001704
1705,深坑米粿,2,1,4.0,10001705
1706,府城土魠魚羮,7,31,3.6,10001706
1707,早安美芝城歸仁中山概念店,23,47,4.8,10001707
1708,悟饕池上飯包-歸仁中正店,24,80,4.5,10001708
1709,早安美芝城歸仁六甲,2,52,4.3,10001709
1710,嘉祥粿仔店,2,791,4.3,10001710
1711,哈哈鍋特色臭臭鍋,21,186,4.1,10001711
1712,福爾摩莎 - 素食小點 Vegetarian,25,35,4.7,10001712
1713,陳媽咪飯糰（南保店）,2,25,5.0,10001713
1714,錢源涮涮鍋,33,258,3.9,10001714
1715,龍鹽酥雞 歸仁店,5,78,4.3,10001715
1716,悟饕池上飯包 - 歸仁中正店,9,110,3.8,10001716
1717,傳香飯糰（歸仁店）,9,24,4.6,10001717
1718,鼎富酵素臭豆腐,25,561,4.4,10001718
1719,菩提園素食美食,25,101,4.1,10001719
1720,阿梅法國麵包(港口慈安宮）,44,4,4.0,10001720
1721,集可寶早餐店,2,17,4.4,10001721
1722,美味小火鍋,21,2,5.0,10001722
1723,安南20元無名肉粽,2,15,4.3,10001723
1724,拉亞漢堡 新市富中,23,121,4.3,10001724
1725,鼎鼎大名平價 鍋物｜鍋燒｜炒麵 專賣,21,1010,4.5,10001725
1726,歸仁美而美一心店,2,2,5.0,10001726
1727,地中天鍋燒.炒飯.蓋飯,9,3,5.0,10001727
1728,彌勒素食,22,15,4.3,10001728
1729,臻饌食堂（關廟）,17,54,4.1,10001729
1730,熱香鹹酥雞安定總店,5,25,4.7,10001730
1731,饌珍多燒肉飯,9,4,5.0,10001731
1732,蒸包包子饅頭店,2,1,5.0,10001732
1733,燒蛋壹下手作蛋餅,2,79,4.7,10001733
1734,晨堡早餐(河岸店),2,18,5.0,10001734
1735,林家素食,25,1,4.0,10001735
1736,早安蒔光早午餐-關廟總店,23,22,4.2,10001736
1737,餃伴手工水餃專賣店,35,6,4.7,10001737
1738,永亨無骨炸雞,5,56,4.6,10001738
1739,台南歸仁｜旭麵．日麵料理．烏龍麵．咖哩飯．壽喜燒．炸豬排,14,255,4.9,10001739
1740,富林漢堡（歸南店）,2,49,4.8,10001740
1741,關廟阿婆炸黑輪,26,26,4.2,10001741
1742,北台南永和豆漿大王,2,141,4.0,10001742
1743,漢堡王 南科台積電F18店,62,49,4.3,10001743
1744,阿信海產店,24,33,4.4,10001744
1745,石神餐飲（廣東粥）,37,37,3.6,10001745
1746,楓慕牛排,31,54,4.3,10001746
1747,禾秝自助餐,57,18,3.6,10001747
1748,元氣早餐（飯糰）,2,6,4.7,10001748
1749,九湯屋安和店,67,297,4.0,10001749
1750,御品關東煮,26,21,4.0,10001750
1751,潮味決．湯滷專門店 台南歸仁分社,9,109,4.6,10001751
1752,早安美芝城台南活力安昌,23,165,4.0,10001752
1753,上品自助餐,57,8,3.8,10001753
1754,歸仁黑輪,26,900,4.2,10001754
1755,福國滴水坊,25,163,4.3,10001755
1756,巧味鍋燒專賣,6,15,4.6,10001756
1757,魔王狂爆雞排,43,36,3.9,10001757
1758,吳家紅茶冰-台南安定店,6,11,3.9,10001758
1759,草本梁氏臭豆腐（中洲寮夜市）,9,7,5.0,10001759
1760,饗翻天mini鍋物-「西港店」,21,431,4.9,10001760
1761,元氣牛肉湯,9,156,4.5,10001761
1762,一品炊美食飯專賣店(中州寮分店),9,3,3.7,10001762
1763,岩葉拉麵,67,369,3.6,10001763
1764,比日屋手作壽司,114,567,4.3,10001764
1765,-One day-,2,243,3.9,10001765
1766,多多中西式早午餐,23,19,4.6,10001766
1767,瑞麟美而美安和店,2,7,4.3,10001767
1768,珍味食堂,3,5,5.0,10001768
1769,東陽羊肉店,24,144,4.0,10001769
1770,鳳慈素食,25,112,4.1,10001770
1771,饗翻天臭臭鍋【長和店】,21,179,4.8,10001771
1772,阿弟輕藥膳鮮魚湯,38,168,4.8,10001772
1773,饅哥饅姐手工包子饅頭,2,11,4.6,10001773
1774,Wu's House 松仔腳早餐店,2,1,4.0,10001774
1775,嘉義老牌石頭火鍋-歸仁店（店休請看臉書粉絲專頁）,21,762,4.8,10001775
1776,南嶼se se liam(粉漿蛋餅專賣）,2,21,4.9,10001776
1777,幸福廚房,2,11,4.6,10001777
1778,施家羊肉 歸仁市場內分店,9,2,4.5,10001778
1779,馥辛麻辣燙,9,35,5.0,10001779
1780,關廟早市美食，克義小吃（阿義米粿）,2,60,3.7,10001780
1781,歸仁漢棋薑母鴨,21,479,4.4,10001781
1782,大埔鐵板燒 台南歸仁店,51,372,3.6,10001782
1783,全素炸遍,25,3,5.0,10001783
1784,歸仁徐記涼麵,50,37,4.4,10001784
1785,86上河甲台菜餐廳,7,170,4.0,10001785
1786,九湯屋,67,200,4.2,10001786
1787,三皇三家歸仁店,87,1137,4.0,10001787
1788,杰魚肚湯 快炒,9,1,5.0,10001788
1789,關廟張家竹筍水餃意麵,3,576,4.2,10001789
1790,膳緣素食,22,11,4.6,10001790
1791,POKA POKA 手作早午餐,23,37,4.0,10001791
1792,中洲寮湯包專賣店,9,35,4.8,10001792
1793,豪早GaoZa‧Brunch 早午餐,23,10,4.5,10001793
1794,舞奇雞台南安和店 點心炸雞雞排專賣,5,85,4.2,10001794
1795,166好食廚房,87,49,4.9,10001795
1796,裕香廣式 脆皮鴨飯 三寶飯,9,20,4.2,10001796
1797,牛族牛排館-和順店,61,569,4.1,10001797
1798,阿菊肉粽＆肉羹,9,1,4.0,10001798
1799,小南香便當安和店,6,159,4.8,10001799
1800,金品早餐連鎖店,2,2,4.0,10001800
1801,古早味早點,2,3,5.0,10001801
1802,大吉祥,115,4,5.0,10001802
1803,品味鮮魚湯,9,4,4.0,10001803
1804,早安山丘 台南安昌店,23,75,3.6,10001804
1805,手作傳統飯糰,2,13,4.8,10001805
1806,滿滿牛排,61,322,4.5,10001806
1807,金盃美而美 (台南和順店),2,1,5.0,10001807
1808,洁沐創義料理,6,441,4.0,10001808
1809,鰻魚匠,116,220,4.6,10001809
1810,素食麵,22,48,4.7,10001810
1811,鼎味寶藍菠雞 油雞/醉雞 彩虹蔬食 健康餐 台南歸仁中山店,9,1,5.0,10001811
1812,心之晨手做早午餐-歸仁店,23,124,4.5,10001812
1813,秀妃早點,2,7,4.7,10001813
1814,發大炸雞,5,19,4.7,10001814
1815,爭鮮迴轉壽司-歸仁店,89,335,4.8,10001815
1816,卡西法No.46廚房,9,750,4.9,10001816
1817,田園素食,25,1030,4.1,10001817
1818,睏飽 KUNBA BURGER 漢堡外帶店,62,22,5.0,10001818
1819,客來堡早餐,2,1,4.0,10001819
1820,MAMA WANG手作坊（原王家蔬食）,25,8,5.0,10001820
1821,悟饕池上飯包 - 台南關廟店,9,6,5.0,10001821
1822,阿里廚房 - Ali's Kitchen 清真,13,97,4.5,10001822
1823,歸仁阿鴻臭豆腐,47,988,4.4,10001823
1824,米凱早點,2,4,3.5,10001824
1825,富林漢堡,62,9,4.3,10001825
1826,關廟麵線,3,4,4.3,10001826
